屆次,年份,黨派,總統,演說
16,2024,民進黨,賴清德,"蕭美琴副總統、各位友邦的元首與貴賓、各國駐台使節代表、現場所有的嘉賓，電視機前、還有線上收看直播的好朋友，全體國人同胞，大家好：

我年輕的時候，立志行醫救人。

我從政的時候，立志改變台灣。

現在，站在這裡，我立志壯大國家！

我以無比堅定的心情，接受人民的託付，就職中華民國第十六任總統，我將依據中華民國憲政體制，肩負起帶領國家勇往前進的重責大任。

回想1949年的今天，台灣實施戒嚴，全面進入專制的黑暗年代。

1996年的今天，台灣第一位民選總統宣誓就職，向國際社會傳達，中華民國台灣是一個主權獨立的國家、主權在民。

2024年的今天，台灣在完成三次政黨輪替之後，第一次同一政黨連續執政，正式展開第三任期！台灣也揚帆進入一個充滿挑戰，又孕育無限希望的新時代。

這段歷程，是這塊土地上的人們，前仆後繼、犧牲奉獻的結果。雖然艱辛，但我們做到了！

此時此刻，我們不只見證新政府的開始，也是再一次迎接得來不易的民主勝利！

許多人將我和蕭美琴副總統的當選，解讀為「打破八年政黨輪替魔咒」。事實上，民主就是人民作主，每一次的選舉，虛幻的魔咒並不存在，只有人民對執政黨最嚴格的檢驗、對國家未來最真實的選擇。

我要感謝，過去八年來，蔡英文前總統、陳建仁前副總統和行政團隊的努力，為台灣的發展，打下堅實的基礎。也請大家一起給他們一個最熱烈的掌聲！

我也要再次感謝國人同胞的支持，不受外來勢力的影響，堅定守護民主，向前走；不回頭，為台灣翻開歷史的新頁！

在未來任期的每一天，我將「行公義，好憐憫，存謙卑的心」，「視民如親」，不愧於每一分信賴與託付。新政府也將兢兢業業，拿出最好的表現，來接受全民的檢驗。我們的施政更要不斷革新，開創台灣政治的新風貌。

一、行政立法協調合作，共同推動國政
今年二月上任的新國會，是台灣時隔十六年後，再次出現「三黨不過半」的立法院。面對這個政治新局，有些人抱持期待，也有些人感到憂心。

我要告訴大家，這是全民選擇的新模式，當我們以新思維看待「三黨不過半」，這代表著，朝野政黨都能分享各自的理念，也將共同承擔國家的種種挑戰。

然而，全民對於政黨的理性問政，也有很大的期待。政黨在競爭之外，也應該有合作的信念，國家才能踏出穩健的步伐。

立法院的議事運作，應該遵守程序正義，多數尊重少數，少數服從多數，才能避免衝突，維持社會的安定和諧。

在民主社會，人民的利益至上，這是民主的根本；國家的利益優先於政黨的利益，這是政黨的天職。當朝野政黨推動法案，都能夠合乎憲法，秉持「人民至上」、「國家優先」的精神時，國政自然順利推展。

行政院卓榮泰院長率領的內閣團隊，也將優先解決對社會有益、朝野有共識的議題，以積極行動、創新思維，解決民瘼，來回應民意、服務人民。

目前，0403災後的復原工作，正在進行。我要再次向罹難者表示哀悼、慰問家屬。我也要感謝所有協助救災和重建的國人，以及再次感謝國際社會的關心和支持。

中央政府已經規劃投入285.5億元，來協助重建及產業振興，幫助花蓮民眾可以儘早恢復正常生活。

我對未來中央和地方的互相合作、行政和立法的協調運作，寄予厚望，也希望跟所有國人攜手努力，一起深化台灣的民主，維護印太的和平，促進世界的繁榮！

二、民主台灣，世界之光
各位國人同胞，民主、和平、繁榮是台灣的國家路線，也是台灣與世界的連結。

台灣是「世界民主鏈」的亮點，民主台灣的光榮時代已經來臨！

台灣自從總統直選以來，已經成為全球最蓬勃發展的民主國家之一。我們持續提升人權，向世界展現民主自由的價值。

台灣是亞洲第一個同性婚姻合法化的國家。

台灣示範了，民主防疫可以優於專制防疫。

台灣不論是民主指數，或是自由度的評比，在亞洲的排名都是數一數二。民主台灣已經是世界之光，這份榮耀屬於全體台灣人民！

未來，新政府將持續善用台灣的民主活力，推動國家發展，也加深國際合作。

對內，我會用人唯才，清廉勤政，並落實民主治理，建立開放政府，以「公開透明」、「人民作主」的精神，鼓勵大眾參與公共政策，繼續推動十八歲公民權，共同實踐國家的願景。

對外，我們將持續與民主國家，形成民主共同體，彼此交流各領域的發展經驗，一起對抗假訊息，強化民主韌性，因應各項挑戰，讓台灣成為民主世界的MVP！

三、民主台灣，世界和平舵手
和平無價，戰爭沒有贏家。明年，第二次世界大戰結束，就滿八十年，台灣和各國都一樣，走過戰後艱辛的復興道路，才有今天的發展成果，沒有人願意讓戰爭摧毀這一切。

如今，俄烏戰爭和以哈戰爭，持續衝擊全世界，中國的軍事行動以及灰色脅迫，也被視為全球和平穩定最大的戰略挑戰。

台灣位居「第一島鏈」的戰略位置，牽動著世界地緣政治的發展。早在1921年，蔣渭水先生就指出，台灣是「世界和平第一關的守衛」，在2024年的今天，台灣的角色更加重要。

國際間已經有高度共識，認為台海的和平穩定，是全球安全與繁榮不可或缺的要素。

為了因應當前複雜的國際情勢，世界各國已經展開積極的合作，來維持區域的和平穩定。

就在上個月，美國也完成了「印太安全補充撥款法案」的立

法，將提供印太區域額外安全援助，支持台海的和平穩定。

我們感謝世界各國對台灣的重視和支持，我們也要向世界宣告：民主自由，是台灣不可退讓的堅持，和平是唯一的選項，繁榮是長治久安的目標！

由於兩岸的未來，對世界的局勢有決定性的影響，承接民主化台灣的我們，將是和平的舵手，新政府將秉持「四個堅持」，不卑不亢，維持現狀。

我也要呼籲中國，停止對台灣文攻武嚇，一起和台灣承擔全球的責任，致力於維持台海及區域的和平穩定，確保全球免於戰爭的恐懼。

台灣人民熱愛和平，與人為善。我始終認為，如果國家領導人以人民福祉為最高考量，那麼，台海和平、互利互惠、共存共榮，應該是彼此共同的目標。

因此，我希望中國正視中華民國存在的事實，尊重台灣人民的選擇，拿出誠意，和台灣民選合法的政府，在對等、尊嚴的原則下，以對話取代對抗，交流取代圍堵，進行合作，可以先從重啟雙邊對等的觀光旅遊，以及學位生來台就學開始，一起追求和平共榮。

各位國人同胞，我們有追求和平的理想，但不能有幻想。在中國尚未放棄武力犯台之下，國人應該了解：即使全盤接受中國的主張，放棄主權，中國併吞台灣的企圖並不會消失。

面對來自中國的各種威脅滲透，我們必須展現守護國家的決心，提升全民保家衛國的意識，健全國安法制，並且積極落實「和平四大支柱行動方案」，強化國防力量，建構經濟安全，展現穩定而有原則的兩岸關係領導能力，以及推動價值外交，跟全球民主國家肩並肩，形成和平共同體，來發揮威懾力量，避免戰爭發生，靠實力達到和平的目標！

四、民主台灣，世界繁榮推手
台灣需要世界，世界也需要台灣！台灣不只是打開世界的大門，台灣已經走到世界舞台的中心！

展望未來的世界，半導體無所不在，AI浪潮席捲而來。現在的台灣，掌握半導體先進製程技術，站在AI革命的中心，是「全球民主供應鏈」的關鍵，影響世界經濟發展，以及人類生活的幸福與繁榮。

各位國人同胞，當我們主張，中華民國台灣的未來，由兩千三百萬人民共同決定。我們決定的未來，不只是我們國家的未來，也是全世界的未來！

我們要走對的路，產業要大展身手，做世界繁榮的推手，讓台灣每前進一步，世界就向前一步！

過去，我擔任行政院長、副總統，到全國各地的產業拜訪，我了解台灣產業的潛力和需求。未來，政府會跟產業界密切合作，把握三大方向，推動台灣的發展。

第一個方向是，「前瞻未來，智慧永續」。

面對氣候危機，我們必須堅定地落實2050淨零轉型。面對全球智慧化的挑戰，我們站在半導體晶片矽島的基礎上，將全力推動台灣成為「人工智慧之島」，促成人工智慧產業化，加速人工智慧的創新應用，並讓產業人工智慧化，用人工智慧的算力，來提升國力、軍力、人力和經濟力。

我們也必須發展創新驅動的經濟模式，透過數位轉型，以及淨零轉型的雙軸力量，來協助中小企業升級轉型，追求包容性成長，打造智慧永續新台灣，創造台灣第二次經濟奇蹟。

除了投資新創，培育新世代隱形冠軍之外，無論是量子電腦、機器人、元宇宙，或精準醫療，各領域的前瞻科技，我們也都要大膽投資，讓年輕人可以追逐夢想，也確保台灣在未來世界的領先地位。

第二個方向是，「競逐太空，探索海洋」。

我們立定目標，要讓台灣成為無人機民主供應鏈的亞洲中心，也要發展下一個世代通訊的中低軌道衛星，進軍全球太空產業。

我們更要探索海洋，發揮海洋國家的優勢，豐富人民的海洋生活，並且投入海洋科技研究，推動海洋產業發展，提升國家競爭力。我們要讓台灣的經濟與產業，往更多面向發展，無遠弗屆。

第三個方向是，「布局全球，行銷全世界」。

台灣已經申請加入CPTPP，我們會積極爭取加入區域經濟整合；跟世界民主國家簽訂雙邊投資保障協定，深化貿易夥伴關係；並解決碳關稅問題，進一步開拓發展空間。

我們也要站穩全球供應鏈的關鍵地位，好好把握地緣政治變化所帶來的商機，發展半導體、人工智慧、軍工、安控，以及次世代通訊等「五大信賴產業」，並且持續改善投資環境，歡迎台商回台投資，鼓勵在地的企業擴大投資，根留台灣。

我要向各行各業的朋友保證：各位有雄心壯志，追求頂尖，政府也有決心鼎力相助，讓台灣的產業能夠立足台灣、布局全球、行銷全世界！

台灣絕對有能力，成為「經濟日不落國」，無論太陽從哪裡升起，都可以照到台灣的企業，造福當地的發展，也讓台灣人民能夠有更富足的生活！

五、樂民之樂，憂民之憂
我深信，經濟發展的果實，應該為全民所共享。未來，在推動「國家希望工程」、擴大社會投資之下，我要建立一個有愛和道德勇氣的台灣社會。年輕人可以看見希望，壯年人可以實現夢想，老年人可以擁有幸福，弱勢者可以得到照顧。每一個人在人生的每一個階段，都能夠獲得政府的支持。

未來，幼托、長照、社會住宅等服務，要延續擴大；

物價、房價、貧富差距等問題，要不斷改善；

食品安全、道路安全、校園安全、社會安全網等保障，要持續強化；

還有，對於教育、司法、轉型正義等改革工作，也都要繼續做下去！

我也了解國人對生活的煩惱和期待，凡是各位關心的議題、社會需要的改革，政府都會積極以對，全力以赴。

大家希望收入更高，我會推動產業升級，創造更好的薪資環境。

大家期待治安更好，我會積極打擊黑金、槍、毒和詐騙。

大家需要供電穩定，我會推動第二次能源轉型，發展多元綠能、智慧電網，強化電力系統的韌性。

大家關心勞保財務，我要再次強調，只要政府在，勞保絕對不會倒。

大家重視交通安全，我會打造符合人本的交通環境，擺脫「行人地獄」的惡名。

大家期待政府能夠幫助家庭照顧者減輕負擔，以及協助產業改善缺工的困境，這些問題，我都會積極解決。

迎向未來，我們都期待一個更強韌的台灣，可以妥善因應傳染病、天災地變等各類型災害，以及加速都市更新，解決危老建築的問題。

我們也期待一個更健康的台灣，我期許自己發揮醫師專業，集結各界的力量，打擊癌症，以及成立「體育暨運動發展部」，推展全民運動，並且確保健保永續經營，讓國人活得長壽又健康。

未來的台灣，要保有多樣性的生態環境，多元族群的文化，以實踐環境永續、文化永續，讓國家更美好。

未來的台灣，會有更多元發展的創新經濟，會有更普及的數位科技應用，會有更好的競爭力和雙語力，會有更強大的公共支持服務體系，也會有更尊重性別平等的環境，讓每一位國民的權利受到保障。

未來的台灣，更要讓每一個縣市，依據特色發展，推動地方創生產業，落實「均衡台灣」的目標，處處可以安居，人人可以樂業！

六、團結力量大，繼續壯大國家
親愛的國人同胞，國家的未來發展，需要每一分力量。面對全球化、全面性競爭的時代，沒有一個國家可以單打獨鬥，也沒有一個分裂的社會能夠成功面對。

團結一致，我們的腳步就更穩；相互扶持，我們的足跡就更遠。為了國家的生存發展，我將透過民主的力量，團結所有國人，壯大國家。

我們都知道，有主權才有國家！根據中華民國憲法，中華民國主權屬於國民全體；有中華民國國籍者，為中華民國國民；由此可見，中華民國與中華人民共和國互不隸屬。每一個人，都要團結、愛護國家；任何一個政黨，都要反併吞、護主權，不可為了政權犧牲國家主權。

當世界上有越來越多國家，公開支持台灣的國際參與，在在證明了，台灣是世界的台灣，台灣是全球和平繁榮值得信賴的力量。

全體國人不分族群，也不論先來後到，只要認同台灣，都是這個國家的主人。無論是中華民國、中華民國台灣，或是台灣，皆是我們自己或國際友人稱呼我們國家的名稱，都一樣響亮。就讓我們不分彼此，大家一條心，大步走向世界！

七、台灣新世界，世界新台灣
當台灣走進世界，我們也歡迎世界走進台灣。許多新住民朋友、外籍友人，從世界各地來到台灣，寫下屬於台灣的新篇章。我要感謝你們，也要向你們致敬！

今天現場，也有千里來訪的國際友人，有歸國的僑胞朋友，以行動支持台灣。我們是不是用最熱烈的掌聲歡迎、感謝他們！

今晚，我們接待國內外賓客的國宴，選擇在台南舉辦。1624年，台灣從台南出發，開啟台灣全球化的開端。站在「台南400」的歷史時刻，台灣更要展現自信，勇敢航向新世界，讓世界迎接新台灣。

我也要邀請每一位國人，和我一起為孕育你我的母親台灣喝采，我們一起用行動守護她、榮耀她，讓世界擁抱她，讓她成為國際上令人尊敬的偉大國家！

謝謝大家！"
15,2020,民進黨,蔡英文,"賴副總統、現場的各位貴賓、電視機前跟網路上的朋友、全體國人同胞，大家好。

今天我站在這裡，以無比感恩的心情，再次承擔台灣人民交付給我的責任。

這是中華民國史上，最特別的總統就職典禮。它特別的地方，不在於典禮的規模，也不在於參與的人數，而在於，我們都知道，這一路走來有多麼不容易。

我要感謝台灣人民，是你們讓這麼不容易的事，在台灣發生。

我要特別謝謝一些人，他們在過去這四個月的防疫期間，很少被人提及。我要謝謝每一位在防疫初期，在藥房門口排隊的台灣人民。謝謝你們的耐心，以及謝謝你們對政府的信任。是你們讓全世界看到，台灣，即使在最不安的時刻，也能保持公民的美德。

我也要謝謝那些居家檢疫、居家隔離的人。你們忍受生活的不便，為的是保護他人的健康。謝謝你們，展現人性中最善良的一面，成就台灣防疫的成功。

國家的光榮感，生死與共的共同體，這一段記憶，將會存在我們每一個人心中。團結的感覺，就是這個樣子。

我們今天現場，有許多各國使節代表，而且我相信，世界上一定有許多國家，也都在關心台灣。

我想藉著這個機會告訴你們，你們看到的國家，有一群善良而堅韌的人民。這一群人民，無論在多麼艱難的環境中，依然能靠著我們的民主、我們的團結，和我們對彼此的責任感，克服挑戰、度過難關，讓台灣在世界上屹立不搖。

從一月到現在，台灣連續兩次讓國際社會驚豔。第一次是我們的民主選舉，第二次則是我們的防疫成績。

過去這一段時間，因為防疫的成功，「台灣」出現在全世界的各大新聞媒體上。

「台灣」也寫在我們一箱又一箱送往國外的物資上頭。台灣人是世界上最良善的一群人，當我們有能力的時候，一定會向國際社會伸出援手。

我也希望全體國人同胞，除了分享光榮跟喜悅之外，也能體會「自助助人、自助人助」的精神。

疫情還沒有完全結束，我們不能有絲毫鬆懈。就算疫情過去了，衝擊也不會立刻散去。

這次疫情對全球的衝擊既深又廣，它改變了全球政治經濟的秩序，不僅加速、加大了全球供應鏈的重組，重新排列了經濟板塊，也改變了人們的生活和消費型態，甚至也改變了國際社會對台灣和周邊情勢的想像。

這些改變是挑戰，但也是機會。我要請所有的國人同胞做好準備，因為接下來，還有各種考驗和難關在等著我們。

未來四年，誰能從疫情中脫困；誰能針對疫情所帶來的改變，研擬國家的生存發展策略。誰能在疫情過後，複雜詭譎的國際情勢間，掌握機會，誰就能讓國家在世界中脫穎而出。

治理國家從來不能依賴激情，而是要在變局中，保持冷靜、指出方向。過去四年，這一點，我做到了。

我說過，我會留下一個更好的國家給各位。所以，下一個四年，在產業發展、社會安定、國家安全、民主深化，這四大面向上，我也會超前部署，讓台灣脫胎換骨，我會帶領台灣迎向未來。

我知道，台灣人民最關心的，就是我們的產業和經濟的發展。我們在2016年啟動了「經濟發展新模式」，致力讓台灣經濟走向世界。四年來，在國際經濟的巨大變局下，台灣不僅挺了過來，經濟成長更回到四小龍的第一名，股市萬點也成為常態。

因為疫情控制得當，台灣至今，仍然可以維持經濟正成長，這是全球少有的。但我們在紓困以及振興經濟上，必須持續超前部署，全力維持經濟穩定成長。

未來四年，我們面對的，是全球經濟更劇烈變動，和供應鏈加速重整的局面。在整體經濟方面，我們將秉持「穩定中追求成長、變局中把握先機」的政策理念，持續落實前瞻基礎建設、兆元投資等重大計畫，來鞏固未來幾十年的經濟發展。

在產業發展方面，我們更要抓住時機，在5+2產業創新的既有基礎上，打造「六大核心戰略產業」，讓台灣成為未來全球經濟的關鍵力量。

第一，台灣要持續強化資訊及數位相關產業發展。我們要利用半導體和資通訊產業的優勢，全力搶占全球供應鏈的核心地位，讓台灣成為下一個世代，資訊科技的重要基地，全力促進物聯網和人工智慧的發展。

第二，台灣要發展可以結合5G時代、數位轉型、以及國家安全的資安產業。我們要全力打造可以有效保護自己，也能被世界信賴的資安系統及產業鏈。

第三，我們要打造接軌全球的生物及醫療科技產業。這次疫情中，無論是試劑製造、或是新藥和疫苗的研發，「台灣團隊」都有足夠的能力，跟全球頂尖技術接軌。我們要全力扶持相關產業，讓台灣成為全球克服疫病挑戰的關鍵力量。

第四，我們要發展軍民整合的國防及戰略產業。除了已經在進行當中的國艦國造、國機國造，我們會更強力推動軍民技術整合，激發民間製造能量，更進一步進軍航空及太空產業。

第五，我們要加速發展綠電及再生能源產業。過去四年，再生能源有飛躍性的發展，台灣成為國際再生能源投資的熱點。在這個基礎上，2025年綠能占整體能源百分之二十的目標，我有信心可以達成，台灣將成為亞太綠能中心。

第六，我們還要建構足以確保關鍵物資供應的民生及戰備產業。面對未來的全球秩序變化，從口罩、醫療及民生用品、能源到糧食供應，我們要把重要的產業鏈留在國內，維持一定的自給率。

在當前的國際局勢中，誰能擺脫依賴，誰就掌握國家生存發展的先機。我要請所有產業界的朋友們放心，政府不會讓產業孤單。在未來幾年，我們有幾個主要的策略，來全力帶動產業發展。

首先，我們要將國內需求，作為基礎能量，來帶動產業發展。尤其是公共部門的需求，以及維持國家安全的基本需求。

像是在這次疫情中，口罩等防疫物資的戰略需求，帶動了相關產業的發展，就是最好的例子。我們的國防產業和再生能源產業，也都能循著類似的模式，加速發展。

不只有口罩國家隊，未來，我們也會視各產業的規模及條件，組成國家隊。藉由政府對內部需求的保證，建立「台灣品牌」的全球戰略物資製造業，並且拓展到其他市場。

再來，我們知道，金融支援是產業發展最重要的環節。未來，我們會採取更靈活的金融政策，持續改革金融體制，運用更多元的金融手段，來協助產業的資金需求。

我們也會全力打造安全的產業環境。政府將致力於維持完善的公衛體系、堅固的國家安全體系、穩定的社會、良好的法治、以及健全的市場。有了這些保證，全球的高科技和戰略性產業，才會願意選擇台灣，作為生產和研發基地。

接下來，我們也要持續引導產業布局全球。和美、日、歐洽簽貿易或投資保障協定，這個目標我們會繼續努力。

我們持續推動新南向政策的同時，也會積極開拓其他有潛力的市場，鼓勵廠商前往布局，為產業的國際合作，創造更有利的條件。當我們在全球尋找機會時，各地的台商將會是我們最好的夥伴。

最後，則是人才的問題。台灣要成為全球經濟的關鍵力量，就必須匯聚各方的人才。蔡英文的政府，會全力爭取國際上最頂尖的技術、研發和管理人才，讓台灣產業的團隊能夠更加國際化，擁有全球競爭的視野和能力。

未來，台灣更要和國際進一步接軌，我們將在雙語國家及數位領域上，培養更多的本土人才和菁英，讓產業有更強的國際競爭力。

未來四年，更融通的金流、更活水的人流、更強勁的產業實力、更與世界緊密連結的台灣，將開啟嶄新的經濟格局，迎向繁榮新時代。

產業發展的同時，我們不會忘記社會安定，也是人民對政府的重要期待。一個更好的國家，政府必須要擔起更多責任，來減輕人民的負擔，減少社會的問題。

過去幾年，我們把長照2.0、幼托照顧、居住正義的問題，一個一個補了起來。未來四年，我的目標，就是要把這張網，做得更綿密，接住每一個需要幫助的人，盡量不要讓憾事再發生。

首先，我們要更強化健康和防疫安全網。台灣已經是高齡社會，疫病的流行，對人民的健康是嚴厲的挑戰。因此我們必須強化疫病防治和醫療能量，結合產業，在疫苗和藥物的開發、以及傳染病防治的領域，有更多突破，讓人民可以更健康、受到更好的照顧。

接著，我們要把社會安全網的漏洞補起來。這幾年來，有幾起跟「思覺失調症」患者相關的治安事件，引起很多討論。不只是「思覺失調症」，其他精神疾病、毒癮、家庭暴力等問題也一樣。

我了解民眾的憂慮，這不只是個人或家庭的事，更是政府的事。當家庭無法妥善照顧這些患者時，政府就有責任介入協助。

我會強化社會照顧體系，提升第一線的社工能量，改善他們的工作環境，讓社工能夠深入最基層，把過去社會安全網沒有接住的人找出來。

另外，對於個案所引發的爭議，我們不能把責任全部推給醫療部門、或個別法官。司法和行政部門，應該要檢討制度、優化制度，該修法的地方，就應該要著手修正。

一個更好的國家，也必須重視國家安全。過去四年，我們推動國防事務改革、積極參與國際，維持兩岸關係的和平穩定，希望讓台灣在印太地區的和平、穩定與繁榮，扮演更積極的角色。未來四年，這些政策方向不會改變，我們也會做得更多。

在國防事務改革方面，有三個重要的方向。第一是加速發展「不對稱戰力」。在強化防衛固守能力的同時，未來戰力的發展，將著重機動、反制、非傳統的不對稱戰力；並且能夠有效防衛「網路戰」、「認知戰」、以及「超限戰」的威脅，達成重層嚇阻的戰略目標。

第二是後備動員制度的實質改革。我們要提高後備部隊的人員素質和武器裝備；後備戰力提高，才能有效地跟常備軍隊協同作戰。此外，平常就要建立跨部會的常設後備動員體制，協調人力物力，平戰轉換時，動員才會順利。

第三是改善部隊管理制度。現在的年輕士官兵，都是在民主自由的社會長大，如何讓他們在軍中，發揮更好的戰力和專長，這是必須正視的課題。

年輕人從軍出現適應上的問題，反映出社會轉變和軍中管理制度的落差。我們必須把落差補起來，不要因為制度的不周全，影響了社會對軍隊的觀感，也造成軍人的榮譽和士氣，在一個又一個的個案中，被消耗掉。

因此，我們要在制度上，強化軍中申訴關懷機制、建立公允的事件調查機制、以及滾動檢討人事配置。在教育訓練上，則要提升各級幹部領導統御能力，達成管理的現代化、專業化。

我們要在維持戰力的團隊軍紀，以及社會價值對個人的尊重之間，取得均衡。

在國際層面，過去四年，我們積極參與各項國際重大議題，包括反恐合作、人道援助、宗教自由、以及非傳統安全等重要全球議題。

在這次國際疫情中，我們在能力範圍內，對國際社會展開無私援助，受到了高度肯定。

台灣，已經被國際定位為民主成功故事、可信賴夥伴、世界良善力量，這是台灣人民的共同驕傲。

未來四年，我們會持續爭取參與國際組織，強化和友邦的共榮合作，和美、日、歐等共享價值的國家，深化夥伴關係。

我們也會更積極參與區域的合作機制，和區域相關國家攜手，共同為印太區域的和平、穩定與繁榮，做出實際貢獻。

面對複雜多變的兩岸情勢，過去四年，我們盡力為兩岸和平穩定，做出最大的努力，也獲得國際社會的肯定；我們會持續努力，也願意跟對岸展開對話，為區域安全，做出更具體的貢獻。

我要再次重申「和平、對等、民主、對話」這八個字。我們不會接受北京當局，以「一國兩制」矮化台灣，破壞台海的現狀，這是我們堅定不移的原則。

我們也會持續遵循中華民國憲法，與兩岸人民關係條例，來處理兩岸事務。這是我們維持台海和平穩定現狀的一貫立場。

兩岸關係正處於歷史的轉折點，雙方都有責任，謀求長遠相處之道，避免對立與分歧的擴大。在變局之中，我會堅守原則，並秉持解決問題的開放態度，負起責任，也期盼對岸領導人，能承擔起相對的責任，共同穩定兩岸關係的長遠發展。

未來四年，除了國家建設的工程，政府體制的優化，也非常重要。立法院即將成立修憲委員會，提供一個平台，讓攸關政府制度、以及人民權利的各項憲政體制改革議題，能夠被充分對話、形成共識。

藉由這個民主過程，憲政體制將更能夠與時俱進，契合台灣社會的價值。而朝野都有共識的18歲公民權，更應該優先來推動。

在司法改革方面，上個任期，我實現了「司改國是會議」的承諾，讓「法官法」、「律師法」、「憲法訴訟法」、以及「勞動事件法」陸續完成修法，這都是改善司法體質的基礎工程。

但是司改還在轉型期，現階段的成果，和人民的期待，還有一段距離。我會繼續傾聽各方的意見，不會停下腳步，人民的不滿，就是持續改革的動力。

在未來四年內，國民法官制度一定要上路，讓人民進入法庭擔任國民法官，成為改革的催化劑，讓司法體系與人民的距離不再遙遠，更加符合期待，贏得信賴。

另外，所有憲政機關，都要持續改革的腳步。行政院組織改造工程，將在重新盤點後再次啟動，包括成立一個專責的數位發展部會，還有與時俱進地調整各部會，讓政府的治理能力，更貼近國家發展的需要。

監察院的國家人權委員會，將在今年八月掛牌成立，它將是台灣落實「人權立國」理念的里程碑，也是監察院轉型的起點。

我也會請九月上任的考試院新團隊，提出完整的改革方案，檢討過去的思維，轉型為稱職的國家人力資源部門，培育現代政府所需的治理人才。

各位國人同胞，過去七十年來，中華民國台灣，在一次又一次的挑戰中，越發堅韌團結。我們抵抗過侵略併吞的壓力、走出獨裁體制的幽谷，也一度走在被世界孤立的曠野之中，但無論什麼樣的挑戰，民主自由的價值，一直是我們的堅持。「自助助人、自助人助」的共同體意識，也始終是我們的信念。

今天我們的現場，有很多防疫英雄：口罩國家隊上中下游產業成員、疫情指揮中心的公衛團隊、以及蘇貞昌院長帶領的政府團隊。

還有更多沒有在現場的各行各業防疫英雄們，醫護人員、郵務人員、藥師、便利商店店員、以及運將朋友等等。

容我無法一一叫出各位的名字，但我想要告訴大家，七十年來，台灣可以度過一次又一次的挑戰，依靠的從來不是一兩個英雄；而是像各位一樣，一起轉動歷史巨輪的無名英雄。是因為有你們，台灣世世代代的幸福、安定、繁榮，才得以延續。

我要向你們所有人致敬。所有的台灣人都是英雄。蔡英文跟賴清德，很榮幸能在此，接受各位的託付。

能在這樣艱鉅的時刻，承擔中華民國總統的重責大任，我心中的壓力多過喜悅。不過，我不會退縮，因為我有你們。

未來的路不會一片順遂，挑戰只會越來越多。不過，我們是一個在驚濤駭浪中走過來的國家。我們兩千三百萬人，是生死與共的命運共同體。過去是這樣、現在是這樣，未來也是這樣。

我由衷期許所有的國人同胞，要記得過去這幾個月，上下一心、緊緊相依、克服難關的感動。中華民國可以很團結，台灣可以很安全，當一個台灣人可以很光榮，可以抬頭挺胸、昂首闊步。

親愛的國人同胞，未來的旅程還很長，台灣的故事，也正在展開下一頁。台灣的故事，屬於每一個人，也需要每一個人。

兩千三百萬的台灣人民，請當我們的導引，請當我們的夥伴，讓我們凝聚智慧與勇氣，一起打造一個更好的國家。謝謝大家。"
14,2016,民進黨,蔡英文,"各位友邦的元首與貴賓、各國駐臺使節及代表、現場的好朋友，全體國人同胞，大家好：

就在剛剛，我和陳建仁已經在總統府裡面，正式宣誓就任中華民國第十四任總統與副總統。我們要感謝這塊土地對我們的栽培，感謝人民對我們的信任，以及，最重要的，感謝這個國家的民主機制，讓我們透過和平的選舉過程，實現第三次政黨輪替，並且克服種種不確定因素，順利渡過長達四個月的交接期，完成政權和平移轉。
臺灣，再一次用行動告訴世界，作為一群民主人與自由人，我們有堅定的信念，去捍衛民主自由的生活方式。這段旅程，我們每一個人都參與其中。親愛的臺灣人，我們做到了。
我要告訴大家，對於一月十六日的選舉結果，我從來沒有其他的解讀方式。人民選擇了新總統、新政府，所期待的就是四個字：解決問題。此時此刻，臺灣的處境很困難，迫切需要執政者義無反顧的承擔。這一點，我不會忘記。
我也要告訴大家，眼前的種種難關，需要我們誠實面對，需要我們共同承擔。所以，今天的演說是一個邀請，我要邀請全體國人同胞一起來，扛起這個國家的未來。
國家不會因為領導人而偉大；全體國民的共同奮鬥，才讓這個國家偉大。總統團結的不只是支持者，總統該團結的是整個國家。團結是為了改變，這是我對這個國家最深切的期待。在這裡，我要誠懇地呼籲，請給這個國家一個機會，讓我們拋下成見，拋下過去的對立，我們一起來完成新時代交給我們的使命。
在我們共同奮鬥的過程中，身為總統，我要向全國人民宣示，未來我和新政府，將領導這個國家的改革，展現決心，絕不退縮。

未來的路並不好走，臺灣需要一個正面迎向一切挑戰的新政府，我的責任就是領導這個新政府。
我們的年金制度，如果不改，就會破產。
我們僵化的教育制度，已經逐漸與社會脈動脫節。
我們的能源與資源十分有限，我們的經濟缺乏動能，舊的代工模式已經面臨瓶頸，整個國家極需要新的經濟發展模式。
我們的人口結構急速老化，長照體系卻尚未健全。
我們的人口出生率持續低落，完善的托育制度始終遙遙無期。
我們環境汙染問題仍然嚴重。
我們國家的財政並不樂觀。
我們的司法已經失去人民的信任。
我們的食品安全問題，困擾著所有家庭。
我們的貧富差距越來越嚴重。
我們的社會安全網還有很多破洞。
最重要的，我要特別強調，我們的年輕人處於低薪的處境，他們的人生，動彈不得，對於未來，充滿無奈與茫然。
年輕人的未來是政府的責任。如果不友善的結構沒有改變，再多個人菁英的出現，都不足以讓整體年輕人的處境變好。我期許自己，在未來的任期之內，要一步一步，從根本的結構來解決這個國家的問題。
這就是我想為臺灣的年輕人做的事。雖然我沒有辦法立刻幫所有的年輕人加薪，但是我願意承諾，新政府會立刻展開行動。請給我們一點時間，也請跟我們一起走上改革的這一條路。
改變年輕人的處境，就是改變國家的處境。一個國家的年輕人沒有未來，這個國家必定沒有未來。幫助年輕人突破困境，實現世代正義，把一個更好的國家交到下一個世代手上，就是新政府重大的責任。

要打造一個更好的國家，未來，新政府要做好幾件事。
首先，就是讓臺灣的經濟結構轉型。這是新政府所必須承擔的最艱鉅使命。我們不要妄自菲薄，更不要失去信心。臺灣有很多別的國家沒有的優勢，我們有海洋經濟的活力和靭性、務實可靠的工程師文化、完整的產業鏈、敏捷靈活的中小企業，以及，永不屈服的創業精神。
我們要讓臺灣經濟脫胎換骨，就必須從現在起就下定決心，勇敢地走出另外一條路。這一條路，就是打造臺灣經濟發展的新模式。
新政府將打造一個以創新、就業、分配為核心價值，追求永續發展的新經濟模式。改革的第一步，就是強化經濟的活力與自主性，加強和全球及區域的連結，積極參與多邊及雙邊經濟合作及自由貿易談判，包括TPP、RCEP等，並且，推動新南向政策，提升對外經濟的格局及多元性，告別以往過於依賴單一市場的現象。
除此之外，新政府相信，唯有激發新的成長動能，我們才能突破當前經濟的停滯不前。我們會以出口和內需作為雙引擎，讓企業生產和人民生活互為表裡，讓對外貿易和在地經濟緊密連結。
我們會優先推動五大創新研發計畫，藉著這些產業來重塑臺灣的全球競爭力。我們也要積極提升勞動生產力，保障勞工權益，讓薪資和經濟成長能同步提升。
這是臺灣經濟發展的關鍵時刻。我們有決心，也有溝通能力。我們已經有系統性的規劃，未來，會以跨部會聯手的模式，把整個國家的力量集結起來，一起來催生這個新模式。
在經濟發展的同時，我們不要忘記對環境的責任。經濟發展的新模式會和國土規劃、區域發展及環境永續，相互結合。產業的佈局和國土的利用，應該拋棄零碎的規畫，和短視近利的眼光。我們必須追求區域的均衡發展，這需要中央來規畫、整合，也需要地方政府充分發揮區域聯合治理的精神。
我們也不能再像過去，無止盡地揮霍自然資源及國民健康。所以，對各種汙染的控制，我們會嚴格把關，更要讓臺灣走向循環經濟的時代，把廢棄物轉換為再生資源。對於能源的選擇，我們會以永續的觀念去逐步調整。新政府會嚴肅看待氣候變遷、國土保育、災害防治的相關議題，因為，我們只有一個地球，我們也只有一個臺灣。

新政府必須要承擔的第二件事情，就是強化臺灣的社會安全網。這些年，幾件關於兒少安全及隨機殺人的事件，都讓整個社會震驚。不過，一個政府不能永遠在震驚，它必須要有同理心。沒有人可以替受害者家屬承受傷痛，但是，一個政府，尤其是第一線處理問題的人，必須要讓受害者以及家屬覺得，不幸事件發生的時候，政府是站在他們這一邊。
除了同理心之外，政府更應該要提出解決的方法。全力防止悲劇一再發生，從治安、教育、心理健康、社會工作等各個面向，積極把破洞補起來。尤其是治安與反毒的工作，這些事情，新政府會用最嚴肅的態度和行動來面對。
在年金的改革方面，這是攸關臺灣生存發展的關鍵改革，我們不應該遲疑，也不可以躁進。由陳建仁副總統擔任召集人的年金改革委員會，已經在緊鑼密鼓籌備之中。過去的政府在這個議題上，曾經有過一些努力。但是，缺乏社會的參與。新政府的做法，是發動一個集體協商，因為年金改革必須是一個透過協商來團結所有人的過程。
這就是為什麼，我們要召開年金改革國是會議，由不同階層、不同職業代表，在社會團結的基礎上，共同協商。一年之內，我們會提出可行的改革方案。無論是勞工還是公務員，每一個國民的退休生活都應該得到公平的保障。
另外，在長期照顧的議題上，我們將會把優質、平價、普及的長期照顧系統建立起來。和年金改革一樣，長照體系也是一個社會總動員的過程。新政府的做法是由政府主導和規劃，鼓勵民間發揮社區主義的精神，透過社會集體互助的力量，來建構一套妥善而完整的體系。每一個老年人都可以在自己熟悉的社區，安心享受老年生活，每一個家庭的照顧壓力將會減輕。照顧老人的工作不能完全讓它變成自由市場。我們會把責任扛起來，按部就班來規劃與執行，為超高齡社會的來臨，做好準備。

新政府要承擔的第三件事情，就是社會的公平與正義。在這個議題上，新政府會持續和公民社會一起合作，讓臺灣的政策更符合多元、平等、開放、透明、人權的價值，讓臺灣的民主機制更加深化與進化。
新的民主機制要能夠上路，我們必須先找出面對過去的共同方法。未來，我會在總統府成立真相與和解委員會，用最誠懇與謹慎的態度，來處理過去的歷史。追求轉型正義的目標是在追求社會的真正和解，讓所有臺灣人都記取那個時代的錯誤。
我們將從真相的調查與整理出發，預計在三年之內，完成臺灣自己的轉型正義調查報告書。我們將會依據調查報告所揭示的真相，來進行後續的轉型正義工作。挖掘真相、彌平傷痕、釐清責任。從此以後，過去的歷史不再是臺灣分裂的原因，而是臺灣一起往前走的動力。
同樣在公平正義的議題上，我會秉持相同的原則，來面對原住民族的議題。今天的就職典禮，原住民族的小朋友在唱國歌之前，先唱了他們部落傳統的古調。這象徵了，我們不敢忘記，這個島上先來後到的順序。
新政府會用道歉的態度，來面對原住民族相關議題，重建原民史觀，逐步推動自治，復育語言文化，提升生活照顧，這就是我要領導新政府推動的改變。
接下來，新政府也會積極推動司法改革。這是現階段臺灣人民最關心的議題。司法無法親近人民、不被人民信任、司法無法有效打擊犯罪，以及，司法失去作為正義最後一道防線的功能，是人民普遍的感受。
為了展現新政府的決心，我們會在今年十月召開司法國是會議，透過人民實際的參與，讓社會力進來，一起推動司法改革。司法必須回應人民的需求，不再只是法律人的司法，而是全民的司法。司法改革也不只是司法人的家務事，而是全民參與的改革。這就是我對司法改革的期待。

新政府要承擔的第四件事情，是區域的和平穩定與發展，以及妥善處理兩岸關係。過去三十年，無論是對亞洲或是全球，都是變動最劇烈的時期；而全球及區域的經濟穩定和集體安全，也是各國政府越來越關心的課題。
臺灣在區域發展當中，一直是不可或缺的關鍵角色。但是近年來，區域的情勢快速變動，如果臺灣不善用自己的實力和籌碼，積極參與區域事務，不但將會變得無足輕重，甚至可能被邊緣化，喪失對於未來的自主權。
我們有危機，但也有轉機。臺灣現階段的經濟發展，和區域中許多國家高度關聯和互補。如果將打造經濟發展新模式的努力，透過和亞洲、乃至亞太區域的國家合作，共同形塑未來的發展策略，不但可以為區域的經濟創新、結構調整和永續發展，做出積極的貢獻，更可以和區域內的成員，建立緊密的「經濟共同體」意識。
我們要和其他國家共享資源、人才與市場，擴大經濟規模，讓資源有效利用。「新南向政策」就是基於這樣的精神。我們會在科技、文化與經貿等各層面，和區域成員廣泛交流合作，尤其是增進與東協、印度的多元關係。為此，我們也願意和對岸，就共同參與區域發展的相關議題，坦誠交換意見，尋求各種合作與協力的可能性。
在積極發展經濟的同時，亞太地區的安全情勢也變得越來越複雜，而兩岸關係，也成為建構區域和平與集體安全的重要一環。這個建構的進程，臺灣會做一個「和平的堅定維護者」，積極參與，絕不缺席；我們也將致力維持兩岸關係的和平穩定；我們更會努力促成內部和解，強化民主機制，凝聚共識，形成一致對外的立場。
對話和溝通，是我們達成目標最重要的關鍵。臺灣也要成為一個「和平的積極溝通者」，我們將和相關的各方，建立常態、緊密的溝通機制，隨時交換意見，防止誤判，建立互信，有效解決爭議。我們將謹守和平原則、利益共享原則，來處理相關的爭議。
我依照中華民國憲法當選總統，我有責任捍衛中華民國的主權和領土；對於東海及南海問題，我們主張應擱置爭議，共同開發。
兩岸之間的對話與溝通，我們也將努力維持現有的機制。1992年兩岸兩會秉持相互諒解、求同存異的政治思維，進行溝通協商，達成若干的共同認知與諒解，我尊重這個歷史事實。92年之後，20多年來雙方交流、協商所累積形成的現狀與成果，兩岸都應該共同珍惜與維護，並在這個既有的事實與政治基礎上，持續推動兩岸關係和平穩定發展；新政府會依據中華民國憲法、兩岸人民關係條例及其他相關法律，處理兩岸事務。兩岸的兩個執政黨應該要放下歷史包袱，展開良性對話，造福兩岸人民。
我所講的既有政治基礎，包含幾個關鍵元素，第一，1992年兩岸兩會會談的歷史事實與求同存異的共同認知，這是歷史事實；第二，中華民國現行憲政體制；第三，兩岸過去20多年來協商和交流互動的成果；第四，臺灣民主原則及普遍民意。

新政府要承擔的第五件事情，是善盡地球公民的責任，在外交與全球性的議題上做出貢獻。讓臺灣走向世界，也要讓世界走進臺灣。
現場有許多來自各國的元首與使節團，我要特別謝謝他們，長久以來一直幫助臺灣，讓我們有機會參與國際社會。未來，我們會持續透過官方互動、企業投資與民間合作各種方式，分享臺灣發展的經驗，與友邦建立永續的夥伴關係。
臺灣是全球公民社會的模範生，民主化以來，我們始終堅持和平、自由、民主及人權的普世價值。我們會秉持這個精神，加入全球議題的價值同盟。我們會繼續深化與包括美國、日本、歐洲在內的友好民主國家的關係，在共同的價值基礎上，推動全方位的合作。
我們會積極參與國際經貿合作及規則制定，堅定維護全球的經濟秩序，並且融入重要的區域經貿體系。我們也不會在防制全球暖化、氣候變遷的議題上缺席。我們將會在行政院設立專責的能源和減碳辦公室，並且根據COP21巴黎協議的規定，定期檢討溫室氣體的減量目標，與友好國家攜手，共同維護永續的地球。
同時，新政府會支持並參與，全球性新興議題的國際合作，包括人道救援、醫療援助、疾病的防治與研究、反恐合作，以及共同打擊跨國犯罪，讓臺灣成為國際社會不可或缺的夥伴。

1996年臺灣第一次總統直選，到今年剛好20年。過去20年，在幾任政府以及公民社會的努力之下，我們成功渡過了許多新興民主國家必須面對的難關。在這個過程中，我們曾經有過許多感動人心的時刻和故事，不過，正如同世界上其他國家一樣，我們也曾經有過焦慮、不安、矛盾、與對立。
我們看到了社會的對立，進步與保守的對立，環境與開發的對立，以及，政治意識之間的對立。這些對立，曾經激發出選舉時的動員能量，不過也因為這些對立，我們的民主逐漸失去了解決問題的能力。
民主是一個進程，每一個時代的政治工作者，都要清楚認識他身上所肩負的責任。民主會倒退，民主也會前進。今天，我站在這裡，就是要告訴大家，倒退不是我們的選項。新政府的責任就是把臺灣的民主推向下一個階段：以前的民主是選舉的輸贏，現在的民主則是關於人民的幸福；以前的民主是兩個價值觀的對決，現在的民主則是不同價值觀的對話。
打造一個沒有被意識形態綁架的「團結的民主」，打造一個可以回應社會與經濟問題的「有效率的民主」，打造一個能夠實質照料人民的「務實的民主」，這就是新時代的意義。
只要我們相信，新時代就會來臨。只要這個國家的主人，有堅定的信念，新時代一定會在我們這一代人的手上誕生。
各位親愛的臺灣人民，我的演說就要結束了，改革就要開始了。從這一刻起，這個國家的擔子交在新政府身上。我會讓大家看到這個國家的改變。
歷史會記得我們這個勇敢的世代，這個國家的繁榮、尊嚴、團結、自信和公義，都有我們努力的痕跡。歷史會記住我們的勇敢，我們在2016年一起把國家帶向新的方向。這塊土地上的每一個人，都因為參與臺灣的改變，而感到驕傲。
剛才表演節目中的一首歌曲當中，有一句讓我很感動的歌詞：
現在是彼一天，勇敢ㄟ臺灣人。
各位國人同胞，兩千三百萬的臺灣人民，等待已經結束，現在就是那一天。今天，明天，未來的每一天，我們都要做一個守護民主、守護自由、守護這個國家的臺灣人。"
13,2012,國民黨,馬英九,"各位友邦元首、各位貴賓、各位僑胞、各位鄉親父老、各位電視機前與網路上的朋友，大家早安，大家好！
一月十四日，我們順利完成中華民國第五次總統直選。這是臺灣民主邁向成熟的重要里程碑。自由與公正的選舉程序，臺灣全體選民所展現的高度民主素養，都獲得國際社會的讚揚；我也要肯定我的競爭對手—蔡主席英文和宋主席楚瑜在選舉結果揭曉時展現的民主風度。朋友們，讓我們一起，為臺灣民主喝采！
回顧過去四年，首先我要特別感謝全國民眾的支持。我們共同度過金融海嘯的侵襲，讓臺灣經濟成長回到東亞四小龍的前列；我們共同走過八八水災的衝擊，重建我們的家園；我們導正政治風氣，守護憲法精神，提升司法的公正透明；我們完成中央政府精簡與縣市合併升格兩大改革工程；我們力行節能減碳、推動「居住正義」、大幅擴大社會安全網；我們締造了六十年來最和平的臺海情勢，贏得長期盟友的信賴與國際社會的肯定，讓中華民國國民在127個國家與地區，免簽證入境。在此，英九也要感謝蕭前副總統萬長、劉前院長兆玄、吳前院長敦義、陳院長冲與所有執政團隊夥伴，以及王院長金平所領導的立法院，在過去四年和人民一起打拚。英九由衷感謝大家的辛勞與貢獻，並將繼續借重他們的經驗與智慧。
展望未來四年，英九要以「黃金十年」的國家願景，和全體國人共同奮鬥。我們的目標，是建設和平、公義與幸福的國家。政府將以「強化經濟成長動能」、「創造就業與落實社會公義」、「打造低碳綠能環境」、「厚植文化國力」、以及「積極培育延攬人才」作為國家發展的五大支柱，以全面提升臺灣的全球競爭力，讓臺灣在這四年脫胎換骨、邁向幸福。
強化經濟成長動能，是提升臺灣競爭力的第一大支柱。動能的核心，在經濟環境自由化和產業結構優質化。
我們看到，美韓自由貿易協定在今年三月生效；中國大陸與日、韓的自由貿易協定談判也將在今年內啟動，我們必須加快自由化的腳步，不能再蹉跎。臺灣向世界開放，世界才會擁抱臺灣。面臨全球政治經濟秩序重組、經濟重心向亞洲移動的時代，我們必須改變保護主義的思維，翻修不合時宜的法制，排除貿易和投資的人為障礙，為臺灣打造一個真正自由開放、與國際社會接軌的經濟環境。
我們正規劃設立「自由經濟示範區」，高雄就是其中之一，這是臺灣邁向「自由貿易島」關鍵的一步。我們要儘快完成「兩岸經濟合作架構協議」的後續協商，加速與新加坡、紐西蘭等重要貿易夥伴洽簽經濟合作協議，並在未來八年內做好加入「跨太平洋經濟夥伴協定」的準備，以掌握融入國際經貿體系的歷史機遇。
我國的產業雖然曾經締造過輝煌的成績，但早已面臨成長瓶頸。未來我們要積極推動產業結構優質化，以過去強調效率的生產模式為基礎，積極發展「創新導向」與「價值創造」的新產業模式。我們的策略是將服務的特質納入製造業，將科技與國際的元素引入服務業，而且建立傳統產業的特色。唯有這樣，我們的產業才能更加多元，創造更高的附加價值；也唯有這樣，我們的產業才能真正脫胎換骨，並且在國際經濟體系中建立起無可取代的地位。
提升臺灣競爭力的第二大支柱，就是創造就業與落實社會公義。全球化的開放市場讓就業變成世界性的競爭，我們要追求經濟成長，才能創造更多的就業機會；經濟成長必須促使各行各業的薪資同步調升，否則經濟成長就沒有意義。我們更要堅持公平正義，縮短貧富差距，讓經濟成長的果實，由全民共享。
健全政府財政結構是當前要務，我們正努力落實「量能課稅」與「租稅正義」，建構完整的社會安全體系，維護弱勢群體的基本權益。我們同時也要合理配置基礎建設、公共服務及教育資源，建立均衡而各有特色的區域發展模式，以縮短城鄉差距，務必要讓每一個人不分性別、地區、血緣或出身，都有追求幸福的公平機會。
長期的少子女化與高齡化是臺灣必須面對的國安課題，因此，我們需要制訂前瞻性的人口政策，建構周延的全民健保與國民年金制度，並儘速推動長期照護體系，用更完善的幼兒托育及照護措施，提供父母與子女最溫暖的支持力量。
司法是保障人民權益的正義防線。四年來，我們完成「刑事妥速審判法」、「法官法」、「家事事件法」的立法，成立廉政署，最高法院的保密分案制也已走入歷史。司法必須獨立，但絕對不能孤立，更不能背離人民對司法正義的合理期待。未來四年，英九會竭盡所能，全力推動與社會脈動結合的司法改革，要讓我國百年前從西方移植而來的司法制度，真正在臺灣生根，使法治成為我們生活的方式、人權成為我們內化的價值。
提升臺灣競爭力的第三大支柱，就是打造低碳綠能環境。全球氣候變遷、資源供需失調，對臺灣是挑戰也是機會。未來全球所有的產業都將強調綠色生產，綠色產業是未來產業競爭的新領域，消費型態也必須符合節能減碳的要求。因此我們將鼓勵民間擴大對綠能產業、綠色建築與綠色生產的研發與投資，讓綠色產業成為帶動就業與成長的新亮點，讓臺灣一步步成為「低碳綠能島」。我們一定要堅持永續發展的理念，為我們下一代留下清朗的天空，乾淨的空氣，豐沛的水資源，以及生意盎然的山林、溪流、濕地與海洋。
在政策上，我們要讓能源價格合理化，創造節能減碳與促進投資綠能產業的動力。我們要讓油電等公用事業回歸市場機制，落實「使用者付費」的原則；更要進一步回應民意對改革國營事業、提升經營效率的高度期待，創造消費者與生產者雙贏的局面。
厚植文化國力，是提升臺灣競爭力的第四大支柱。臺灣有三個文化特質：一是公民素養植根最深厚；二是傳統文化保存最完整；三是傳統與現代的銜接轉化最細緻。民主制度造就了我們的公民社會，公民社會中開放的風氣、自由的精神，成為創作家的土壤。在開放和自由的土壤上，我們既保存了歌仔戲、布袋戲等傳統文化，又發展出雲門舞集、朱宗慶打擊樂團等當代文化品牌。我們一方面追求高科技與國際化，一方面又主張草根民眾的文化公民權。
開放的社會才會有奔放的創意，自由的環境才容許大膽的想像；臺灣的創意注入電影、流行音樂、圖書出版等等，成為文化產業，也都在華文世界有舉足輕重的地位。但是產業必須要有整合工具，把文化價值與內容，透過創意加值與智慧財產機制，轉換成行銷全球的經濟產值，而讓經濟產值又回頭來灌溉我們的創作者。
文化不只是藝文、創意與產業，文化也是人民日常生活的一部分。最近大陸知名作家韓寒發表訪臺親身經歷：計程車司機拾物不昧、眼鏡行老闆熱心助人，都讓他震撼與感動。不久前，有位花蓮運將曾世誠，把日本乘客遺失在車內的皮夾，用飛車、駁船追上已離港的郵輪，最後以吊籃送到失主手中。英九認為，這些令人動容的善舉，都是因為中華文化中「善良」與「誠信」的核心價值，已經融入臺灣的日常生活。
我們要把文化看做國力，文化的建設，就是國力的建設；文化的投資，就是國力的投資。
積極培育延攬人才，是我們提升臺灣競爭力的第五大支柱。因為，臺灣缺乏天然資源，人才是我們最重要的資源，也是國家發展的關鍵。
我們要讓大學校園成為培育本土人才的搖籃與國家競爭力的泉源。我們更要以開放前瞻的政策，「築巢引鳳」的方式，打造一個宜居、友善、國際化、無歧視以及薪資有競爭力的環境，留住本土優秀人才，並延攬全球的優秀人才。
孩子是我們永遠的關切。讓每一個孩子，不分貧富都有機會成為國家的人才，擁有上進的機會，這才是教育的核心。事實上，不只李安和蕭青陽在文創領域大放異彩、張逸軍與陳星合都登上太陽劇團的舞臺，古又文和吳季剛也在國際服裝設計界大放光芒；四年來，我們臺灣子弟更在歐、美、亞等各種國際發明展與設計展中，屢屢拿下總冠軍。臺灣擁有極佳的人才與創造力，我們要更用心培育下一代，提供優質的十二年國民教育，讓每一個生命都能發光發熱。
國家要發展，就必須改革；要改革，就要承受調整的陣痛。我們絕對不能把燙手山芋與沈重包袱留給下一代。英九深知，一位連任總統最重要的責任與使命，就是與人民一起打造幸福的未來。在未來的任期中，我們要踏出堅定的步伐，進行即時、深入、廣泛的溝通，以爭取民眾的支持。用五大支柱「打造幸福臺灣」，是英九第二任的目標，臺灣要提升競爭力才能生存，人民幸福才有保障。
國家安全是中華民國生存的關鍵，英九認為，以兩岸和解實現臺海和平、以活路外交拓展國際空間、以國防武力嚇阻外來威脅，是確保臺灣安全的鐵三角，我們必須同等重視、平衡發展。
鐵三角的第一個角，就是以兩岸和解實現臺海和平。四年來，政府堅持「對等、尊嚴、互惠」的理念，「以臺灣為主、對人民有利」的原則，恢復兩岸制度化協商，簽署16項協議，實現兩岸和解。行政部門公開且透明地對國會負責，並加強與在野黨溝通，努力尋求共識，兩岸和解因此建立制度化的保障。
過去四年，我們改善兩岸關係，降低臺海緊張，帶來和平與繁榮，獲得廣大民眾的支持，但仍有部分民眾對我們的大陸政策存有疑慮。英九要在此鄭重指出：中華民國憲法是政府處理兩岸關係的最高指導原則；兩岸政策必須在中華民國憲法架構下，維持臺海「不統、不獨、不武」的現狀，在「九二共識、一中各表」的基礎上，推動兩岸和平發展；而我們所說的「一中」，當然就是中華民國。依據憲法，中華民國領土主權涵蓋臺灣與大陸，目前政府的統治權僅及於臺、澎、金、馬。換言之，二十年來兩岸的憲法定位就是「一個中華民國，兩個地區」，歷經3位總統，從未改變。這是最理性務實的定位，也是中華民國長遠發展、保障臺灣安全的憑藉。兩岸之間應該要正視這個現實，求同存異，建立「互不承認主權、互不否認治權」的共識，雙方才能放心向前走。
過去四年，我們依循「先急後緩、先易後難、先經後政」的原則，推動兩岸交流，不論是在經貿、交通、衛生、文化、教育、司法、金融等各方面，都創下歷史新高的紀錄。未來四年，兩岸要開拓新的合作領域，繼續鞏固和平、擴大繁榮、深化互信。也期盼兩岸民間團體在民主、人權、法治、公民社會等領域，有更多機會交流與對話，為兩岸和平發展創造更有利的環境。
兩岸人民同屬中華民族，都是炎黃子孫，擁有共同的血緣、歷史與文化，也都同樣尊崇 國父孫中山先生。我們不能忘記　國父「天下為公」的理念，以及自由、民主、均富的建國理想。臺灣實施民主的經驗，證明中華民族的土壤，毫不排斥外來的民主制度。英九衷心期盼中國大陸的政治參與逐步開放，人權與法治日漸完善，公民社會自主成長，以進一步縮短兩岸人民的心理距離。
鐵三角的第二個角，就是以活路外交拓展國際空間並增加國際貢獻。過去四年，我們不採取「烽火外交」，而選擇「活路外交」與「正派外交」， 在「目的正當、過程合法、執行有效」的援外原則下，我們與邦交國進行合作計畫，邦交國也在國際組織中不斷為我國仗義執言。我們與美國重建互信，強化溝通管道，在許多領域緊密合作，已建構三十年來最堅實的「安全與經濟夥伴關係」。我們與日本在設館、航空、文化與投資等領域都展現重要成果，建立四十年來最友好的「特別夥伴關係」。歐盟及歐洲議會分別多次發表聲明及通過決議，支持我們的大陸政策與強化臺歐經貿關係。
拓展國際空間方面，我國在三年前，正式以大會觀察員的身分，回到離開38年的「世界衛生大會」；九十九年又加入世界貿易組織下的「政府採購協定」。事實證明，兩岸關係的進展與我們國際空間的擴大，不但不必相互衝突，甚至可以相輔相成。未來四年，我們要擴大參與國際組織，包括氣候變遷、民航安全等聯合國專門機構的相關活動。我們也希望在國際非政府組織中，兩岸能彼此包容、相互協助，讓這個良性循環的模式發揮更大的正面效益。
增加國際貢獻方面，臺灣立足世界最寶貴的資產，就是民間組織的充沛活力，以及民胞物與的人道關懷。
九十九年一月海地發生大地震，英九跟趕赴現場的我國特種搜救隊分隊長陳順天通電話，電話那一頭傳來興奮的呼喊聲。因為，15分鐘前他們救出1名生還者，這是我國國際搜救史上的第一次；去年311日本海嘯，民間和政府合力捐助新臺幣66億元，不但是世界第一，也超過其他九十多國的捐助總額；還有一位到災區為老人默默服務的臺南女孩蔡雨樺，她的善行更感動了兩國人民。今年四月，英九到非洲遇見了在當地行醫近二十年的黃其麟醫師，他無怨無悔的付出，讓世人看見臺灣醫生沸騰在白袍下的熱血。這些例子說明，臺灣人擁有豐沛的生命熱情與不怕難的韌性，也為臺灣贏得真誠的友誼。
鐵三角的第三個角，就是以國防武力嚇阻外來威脅。「天下雖安，忘戰必危」，古有明訓。我們不求戰，但絕不畏戰。四年來，我們在國防工業自主、強化新一代兵力整建以及災害防救等方面，都有明顯成果。同時，增加訓練能量、大幅提升國軍體能及戰技，而整飭軍紀及反貪防弊，亦有相當成果，這也是我們建軍備戰的具體成效。
在對外軍購方面，英九上任以來，美國已三度同意軍售臺灣，總計183億美元，不論是質與量都超越以往。這讓我們未來擁有適當的防衛力量，使政府與人民更有信心與意願，繼續穩健發展兩岸關係。
未來四年，我們仍將向外採購無法自製的防衛性武器，也將完善募兵制及相關配套，在「防衛固守、有效嚇阻」的戰略下，以「創新、不對稱」思維，建立量少但質精的堅強國防武力。同時強化我國與周邊各國關係，積極參與國際事務，推動建立制度化的戰略對話合作管道，以捍衛中華民國主權與保障臺灣安全，並對區域和平做出貢獻。
各位鄉親，回想過去四年，英九內心有深深的感激。我們一起走過金融海嘯的風暴，我們一起迎接建國百年的歡欣，我們曾為天災巨變的創傷流淚，也曾為臺灣子弟在各方面的成就，歡喜難眠。
我們就是一家人，臺灣就是我們共同的家園。我們深信，不管朝野之間有什麼歧見，我們都是一家人。即使過去幾年朝野和解存在不少困難，但英九相信，民主是我們的共同價值，在這個基礎上，我們一定可以尋求共識，合力解決問題。四年來，英九持續邀請各種公民團體來對談。英九也誠摯的希望，儘速與在野黨領袖展開對話，我們要讓民眾看到，朝野不是只有相互競爭，也能彼此合作。為了全民福祉，讓我們一起為臺灣民主建立良好的典範。
今年是中華民國第一百零一年，我們正站在歷史的分水嶺上。
過去一百年，先人的奮鬥歷程清晰在目；未來一百年，國家的挑戰與機會輪廓鮮明。英九有幸身為中華民國跨入新的一百年第一位宣誓就職的總統，感到責任無比重大。
在此莊嚴而神聖的典禮上，英九與執政團隊再度接受全民的付託，猶如千鈞重擔在肩頭，唯有以如臨深淵的心境，如履薄冰的態度，全力履行憲法所賦予的職責，才能符合國人的信賴與付託。
站在新的一百年起跑點上，英九希望，今天我們奠下的基礎，將成為孩子走向未來的磐石；今天我們種下的幼苗，將不斷長成下一代共享的果實。讓我們一起堅持理想、攜手改革、打造幸福臺灣。
謝謝大家！"
12,2008,國民黨,馬英九,"各位友邦元首、各位貴賓、各位僑胞、各位鄉親父老、各位電視機前與網路上的朋友，大家早安，大家好！
一、二次政黨輪替的歷史意義
今年三月二十二日中華民國總統選舉，台灣人民投下了改變台灣未來的一票。今天，我們在這裡不是慶祝政黨或個人的勝利，而是一起見證，台灣的民主已經跨越了一個歷史性的里程碑。
我們的民主走過了一段顛簸的道路，現在終於有機會邁向成熟的坦途。在過去這一段波折的歲月裡，人民對政府的信賴跌到谷底，政治操作扭曲了社會的核心價值，人民失去了經濟安全感，台灣的國際支持也受到空前的折損。值得慶幸的是，跟很多年輕的民主國家相比，我們民主成長的陣痛期並不算長，台灣人民卻能展現日趨成熟的民主風範，在關鍵時刻，作出明確的抉擇：人民選擇政治清廉、經濟開放、族群和諧、兩岸和平與迎向未來。
尤其重要的是，台灣人民一同找回了善良、正直、勤奮、誠信、包容、進取這一些傳統的核心價值。這一段不平凡的民主成長經驗，讓我們獲得了「台灣是亞洲和世界民主的燈塔」的讚譽，值得所有台灣人引以為傲。顯然，中華民國已經成為一個受國際社會尊敬的民主國家。
不過，我們不會以此自滿。我們要進一步追求民主品質的提升與民主內涵的充實，讓台灣大步邁向「優質的民主」：在憲政主義的原則下，人權獲得保障、法治得到貫徹、司法獨立而公正、公民社會得以蓬勃發展。台灣的民主將不會再有非法監聽、選擇性辦案、以及政治干預媒體或選務機關的現象。這是我們共同的願景，也是我們下一階段民主改革的目標。
在開票當天，全球有數億的華人透過電視與網路的直播，密切關注選舉的結果。因為台灣是全球唯一在中華文化土壤中，順利完成二次政黨輪替的民主範例，是全球華人寄以厚望的政治實驗。如果這個政治實驗能夠成功，我們將為全球華人的民主發展作出史無前例的貢獻，這是我們無法推卸的歷史責任。
二、新時代的任務
未來新政府最緊迫的任務，就是帶領台灣勇敢地迎接全球化帶來的挑戰。當前全球經濟正處於巨變之中，新興國家迅速崛起，我們必須快速提升台灣的國際競爭力，挽回過去流失的機會。當前全球經濟環境的不穩定，將是我們振興經濟必須克服的困難。但是，我們深信，只要我們的戰略正確、決心堅定，我們一定能達成我們的預定目標。
台灣是一個海島，開放則興盛、閉鎖則衰敗，這是歷史的鐵律。所以我們要堅持開放、大幅鬆綁、釋放民間的活力、發揮台灣的優勢；我們要引導企業立足台灣、聯結亞太、佈局全球；我們要協助勞工適應快速的科技變遷與產業調整；我們還要用心培育我們的下一代，讓他們具有健全人格、公民素養、國際視野與終身學習的能力，同時要排除各種意識形態對教育的不當干擾。我們在回應全球化挑戰的同時，一定要維護弱勢群體的基本保障與發展的機會，也一定要兼顧台灣與全球生態環境的永續經營。
新政府另外一項重要任務就是導正政治風氣，恢復人民對政府的信賴。我們將共同努力創造一個尊重人性、崇尚理性、保障多元、和解共生的環境。我們將促進族群以及新舊移民間的和諧，倡導政黨良性競爭，並充分尊重媒體的監督與新聞自由。
新政府將樹立廉能政治的新典範，嚴格要求官員的清廉與效能，並重建政商互動規範，防範金權政治的污染。我希望每一位行使公權力的公僕，都要牢牢記住「權力使人腐化，絕對的權力使人絕對的腐化」這一句著名的警語。我們將身體力行誠信政治，實踐國民黨「完全執政、完全負責」的政見。新政府所有的施政都要從全民福祉的高度出發，超越黨派利益，貫徹行政中立。我們要讓政府不再是拖累社會進步的絆腳石，而是領導台灣進步的發動機。
我堅信，中華民國總統最神聖的職責就是守護憲法。在一個年輕的民主國家，遵憲與行憲比修憲更重要。身為總統，我的首要任務就是樹立憲法的權威與彰顯守憲的價值。我一定會以身作則，嚴守憲政分際，真正落實權責相符的憲政體制。我們一定要做到：政府全面依法行政，行政院依法對立法院負責，司法機關落實法治人權，考試院健全文官體制，監察院糾彈違法失職。現在是我們建立優良憲政傳統的最好機會，我們一定要牢牢把握。
我們要讓台灣成為國際社會中受人敬重的成員。我們將以「尊嚴、自主、務實、靈活」作為處理對外關係與爭取國際空間的指導原則。中華民國將善盡她國際公民的責任，在維護自由經濟秩序、禁止核子擴散、防制全球暖化、遏阻恐怖活動、以及加強人道援助等全球議題上，承擔我們應負的責任。我們要積極參與亞太區域合作，進一步加強與主要貿易夥伴的經貿關係，全面融入東亞經濟整合，並對東亞的和平與繁榮作出積極貢獻。
我們要強化與美國這一位安全盟友及貿易夥伴的合作關係；我們也要珍惜邦交國的情誼，信守相互的承諾；我們更要與所有理念相通的國家和衷共濟，擴大合作。我們有防衛台灣安全的決心，將編列合理的國防預算，並採購必要的防衛性武器，以打造一支堅實的國防勁旅。追求兩岸和平與維持區域穩定，是我們不變的目標。台灣未來一定要成為和平的締造者，讓國際社會刮目相看。
英九由衷的盼望，海峽兩岸能抓住當前難得的歷史機遇，從今天開始，共同開啟和平共榮的歷史新頁。我們將以最符合台灣主流民意的「不統、不獨、不武」的理念，在中華民國憲法架構下，維持台灣海峽的現狀。一九九二年，兩岸曾經達成「一中各表」的共識，隨後並完成多次協商，促成兩岸關係順利的發展。英九在此重申，我們今後將繼續在「九二共識」的基礎上，儘早恢復協商，並秉持四月十二日在博鰲論壇中提出的「正視現實，開創未來；擱置爭議，追求雙贏」，尋求共同利益的平衡點。兩岸走向雙贏的起點，是經貿往來與文化交流的全面正常化，我們已經做好協商的準備。希望七月即將開始的週末包機直航與大陸觀光客來台，能讓兩岸關係跨入一個嶄新的時代。
未來我們也將與大陸就台灣國際空間與兩岸和平協議進行協商。台灣要安全、要繁榮、更要尊嚴！唯有台灣在國際上不被孤立，兩岸關係才能夠向前發展。我們注意到胡錦濤先生最近三次有關兩岸關係的談話，分別是三月二十六日與美國布希總統談到「九二共識」、四月十二日在博鰲論壇提出「四個繼續」、以及四月二十九日主張兩岸要「建立互信、擱置爭議、求同存異、共創雙贏」，這些觀點都與我方的理念相當的一致。因此，英九願意在此誠懇的呼籲：兩岸不論在台灣海峽或國際社會，都應該和解休兵，並在國際組織及活動中相互協助、彼此尊重。兩岸人民同屬中華民族，本應各盡所能，齊頭並進，共同貢獻國際社會，而非惡性競爭、虛耗資源。我深信，以世界之大、中華民族智慧之高，台灣與大陸一定可以找到和平共榮之道。
英九堅信，兩岸問題最終解決的關鍵不在主權爭議，而在生活方式與核心價值。我們真誠關心大陸十三億同胞的福祉，由衷盼望中國大陸能繼續走向自由、民主與均富的大道，為兩岸關係的長遠和平發展，創造雙贏的歷史條件。
最近四川發生大地震，災情十分的慘重，台灣人民不分黨派，都表達由衷的關切，並願意提供即時的援助，希望救災工作順利，災民安置與災區重建早日完成。
三、台灣的傳承與願景
從宣誓就職的這一刻開始，英九深知個人已經肩負二千三百萬人民的付託，這是我一生最光榮的職務，也是我一生最重大的責任。英九雖然不是在台灣出生，但台灣是我成長的故鄉，是我親人埋骨的所在。我尤其感念台灣社會對我這樣一個戰後新移民的包容之義、栽培之恩與擁抱之情。我義無反顧，別無懸念，只有勇往直前，全力以赴！
四百多年來，台灣這塊土地一直慷慨的接納著先來後到的移民，滋養、庇護著我們，提供我們及後代子孫安身立命的空間，並以高峻的山峰、壯闊的大海，充實、淬礪著我們的心靈。我們繼承的種種歷史文化，不但在這片土地上得到延續，更得到擴充與創新，進而開創出豐盛多元的人文風景。
中華民國也在台灣得到了新生。在我任內，我們將慶祝中華民國開國一百週年。這一個亞洲最早誕生的民主共和國，在大陸的時間只有三十八年，在台灣的歲月卻將超過一甲子。在這將近六十年間，中華民國與台灣的命運已經緊緊的結合在一起，共同經歷了艱難險阻與悲歡歲月，更在追求民主的曲折道路上，有了長足的進步。國父孫中山先生的民主憲政理想，當年在中國大陸沒有能夠實現，但今天在台灣終於生根、開花、結果。
面對台灣的未來，英九充滿了信心。多年來我走遍台灣各個角落，在與各行各業的互動當中，讓我感受最深刻的就是：地無分南北，人無分老幼，善良、正直、勤奮、誠信、包容、進取這一些傳統的核心價值，不但洋溢在台灣人的生活言行，也早已深植在台灣人的本性裡。這是台灣一切進步力量的泉源，也是「台灣精神」的真諦。
盱衡時局，環顧東亞，台灣擁有絕佳的地理位置、珍貴的文化資產、深厚的人文素養、日漸成熟的民主、活力創新的企業、多元和諧的社會、活躍海內外的民間組織、遍佈全球的愛鄉僑民，以及來自世界各地的新移民。只要我們秉持「台灣精神」，善用我們的優勢，並堅持「以台灣為主，對人民有利」的施政原則，我們一定可以將台澎金馬建設為舉世稱羨的樂土、我們引以為傲的美麗家園。
台灣的振興不只要靠政府的努力，更要靠人民的力量；需要借重民間的智慧、需要朝野協商合作、需要所有社會成員積極的投入。各位親愛的父老兄弟姊妹們，我們要從此刻開始，捲起袖子，立即行動，打造美麗家園，為子孫奠定百年盛世的基礎。讓我們心連心、手牽手，大家一起來奮鬥！
現在，請大家跟我一起高呼：
台灣民主萬歲！
中華民國萬歲！"
11,2004,民進黨,陳水扁,"感謝來自海內外的各位貴賓，共同參與中華民國第十一任總統、副總統的就職大典。今天我們在這裡所見證的，是台灣民主前進的腳步，也是兩千三百萬人民共同寫下的一個難能可貴的故事。
在此歡欣的國家慶典中，個人承受人民所賦予的莊嚴使命。此時此刻，在我的心中與腦海浮現的並不是華麗的讚詞，而是更大的責任、更多的謙卑、更深的省思。
在二十世紀的最後一年，台灣跨越了首次政黨輪替的歷史門檻，邁向民主發展的新里程。隨著新舊世紀的交替，我們同時走過一段崎嶇艱難的民主道路。在世紀首航的驚濤駭浪之中，舊有與新生並存、脆弱與堅強共生、危機與轉機同在。
對於華人社會以及其他的新興民主國家而言，台灣的民主不僅是一個試煉、也是一個示範。西方的民主政治經過千錘百鍊才有今日的水準，身為年輕的民主國家，歷經挫折磨練的台灣經驗更顯得彌足珍貴。台灣的經驗證明：民主不是坐享其成的烏托邦，也沒有一步到位的直達車，必須一點一滴的耕耘，才有一步一腳印的前進。
在第一波的民主化過程當中，從解除戒嚴、國會全面改選到總統直接民選，我們確立了主權在民的價值觀以及台灣的主體性。第二波的民主工程，重點在於公民社會的建立以及國家共同體的再造。
從社區公民意識的形成，到國家公共政策的參與，包括公民投票的實踐，都是公民社會權利義務的確認和提升，也促使我們發展更成熟、理性、負責的民主內涵。透過公民社會的建立，經由偕同參與、集體創造的土地認同與共同記憶，才能超越族群、血緣、語言、文化的侷限，邁向一個新的國家共同體的重建。
當前的台灣社會確實存在認同與族群的嚴肅課題，我們不需要掩飾，更不能夠漠視。身為執政者，包括阿扁個人和民主進步黨，都願意率先反省、坦誠面對，並且尋求有效的化解。
回想數百年前，我們的祖先跨越黑水溝，渡海來台尋找安身立命的所在。不論先來後到，儘管來自不同的地方，使用不同的語言，甚至懷抱不同的理想，最後都在這裡落地生根，彼此命運相同、休戚與共。不管是原住民、新住民、旅居海外的僑胞、注入新血的外籍配偶，包括在相同的太陽底下辛勤流汗的外籍勞工，都對這一塊土地有不可抹滅的奉獻，也都是台灣新家庭不可或缺的一部分。
不同的族群或許因為歷史記憶與民族情感而有認同的差異，但是彼此應該相互包容、用心理解。在過去威權戒嚴的時代，曾經存在族群地位的不平等和語言文化的壓抑，但是我們必須認知的是，除了極少數的當權者之外，所有的族群都是相同的受害者。在二二八事件和白色恐怖當中，受難者同時包括本省籍和外省籍，其成因要歸咎於當權者權力的濫用，而非族群的壓迫。
台灣是一個多數移民的社會，不是少數殖民統治的國家，沒有任何一個族群應該背負莫須有的歷史包袱。在今日的台灣，不管你出生在廣東或者台東，不管我們的母親來自越南或者台南，每一個人都擁有同樣的地位和尊嚴。阿扁認為，不管是認同台灣或者認同中華民國，其實都是相同的歸屬。「族群多元、國家一體」是台灣這一塊土地上最美好完整的圖像，沒有本土和外來之分，也沒有少數和多數之別，兩千三百萬台灣人民應該是一個命運相同、榮辱與共的整數。
這一次的總統大選空前的激烈，選舉結果揭曉之後，在野黨的候選人提出了質疑和訴訟。身為現任的總統，阿扁以最大的誠意表達完全尊重司法的獨立公正，不論結果如何，個人絕對願意坦然接受。阿扁相信，遵循法治、信任司法是解決爭端唯一的路，如果因為一次的選舉而推翻了人民對民主法治與司法獨立的信任，最後只會導致全民皆輸的結果。
今天的下雨來得正是時候，讓我們的激情降溫，讓我們冷靜下來，也讓我們頭腦更加清楚。
民主政治定期選舉的設計，除了實踐主權在民的原理之外，也是人民意向與社會價值的具體檢視。激烈的競爭，可以對政治人物有最直接的檢驗和啟示。包括阿扁個人以及執政的團隊，都在這次的選舉當中接受最嚴格的考驗，並且因此而反省改進。不同的陣營之間，難免有理念的差異、政策的辯論，甚至民眾的動員，但是，民主選舉的結果，不是成王敗寇的結局，更不應該演變為民眾之間的對立。政黨政治監督制衡的設計，乃是民主健全的根基。負責的執政黨以及忠誠的反對黨，都代表國民意志的一部分，也都是國家人民的政治資產。不管扮演執政或者在野的角色，都是人民所賜與的一個機會，也是一個責任。
個人認為，此次選舉最終的考驗，已經不是跨越多數門檻的問題，而是朝野全民如何跨過對立的圍牆、如何超越信任的鴻溝。不能夠因為選票的距離拉近，而使得社會的矛盾擴大。縱使無法消弭於一時，個人仍將繼續秉持「傾聽、理解、法理、團結」的用心，弭平選舉的對立、重建朝野的信任。
團結台灣、穩定兩岸、安定社會、繁榮經濟，這些都是當前人民殷切的期待，也是政府未來施政的首要。其中任何一項，都不是一人、一黨所能獨力完成，所以我要懇請在野政黨以及社會輿論共同支持鞭策，更要祈求人民賜給阿扁力量。
相信台灣，必須持續創造國家的競爭力，打造一個人文關懷、生態環保的永續家園。堅持改革，是要讓政治、司法、教育、金融、財政、媒體及社會的改革，回應人民長久的期待。相信就有力量，堅持才能實現理想。現在付出的一切努力，是要讓我們的下一代生活在一個符合社會正義、經濟正義、司法正義、性別正義、以及國際正義的公義新台灣。
當前，台灣面對全面、激烈、快速的國際競爭，如何凝聚全民的力量，進一步提升政府的效能已經是攸關國家發展的當務之急。但是，由於特殊的國情以及歷史的因素，使得政府效能的改造，立即面臨憲政體制的難題。
憲法是國家的根本大法，也是政府與人民的契約書。我國憲法囿於當初制訂的時空背景，絕大多數的條文早已不符台灣當前及未來所需。推動憲政改造的工程，重建憲政秩序，不僅是人民的期望，也已經獲得朝野政黨的共識。
憲政改造的工程是為了政府的良好管理及效能的提升、為了確立民主法治的根基，更是為了國家的長治久安。其中，立即而明顯的問題包括：三權分立或五權憲法、總統制或內閣制、總統選制為相對多數或絕對多數、國會改革及相關的配套條文、國民大會的定位與存廢、省政府組織的存廢、投票年齡的降低、兵役制度的調整、基本人權與弱勢權益的保障、國民經濟條款……等，可以說是工程浩大、影響至深。
為了避免重蹈過去十年內六次修憲的覆轍，憲政改造的工程不應該由一人或一黨主導，更不能只著眼於一時之便。未來，我們將邀請朝野政黨、法界、學界及各領域階層的代表，共同籌組憲政改造委員會，針對憲政改造的範圍及程序尋求社會最大的共識，並且接受人民及輿論的監督。
在二○○八年阿扁卸任總統之前，能夠交給台灣人民及我們的國家一部合時、合身、合用的新憲法，這是阿扁對歷史的責任，也是對人民的承諾。基於相同的責任與承諾，阿扁也深切瞭解，涉及國家主權、領土及統獨的議題，目前在台灣社會尚未形成絕大多數的共識，所以個人明確的建議這些議題不宜在此次憲改的範圍之內。至於首次憲改的程序，我們仍將依循現行憲法及增修條文的規定，經由國會通過之後，選出第一屆也是最後一屆的任務型國代，同時完成憲政改造、廢除國大、以及公投入憲，為民主憲政長遠的發展及未來人民公投複決國會憲改提案奠定開闊的基石。
過去四年，全球政經情勢產生明顯的變化，台灣面對國際新秩序的變動，除了必須自我提升、站穩腳步之外，在全球化的競爭與國際的合作之間，也必須尋求新的立足點。
長久以來，台灣與美、日及許多國際友邦的友誼基礎，不僅在於維護共同的利益，更重要的是建立在自由、民主、人權與和平的「價值同盟」關係。
台灣的民主發展與台海的和平穩定，一直備受國際關注。對於這些天涯若比鄰的友誼，個人要代表我國政府及人民再一次表達由衷的感謝。台灣人民愛好和平，我們絕對比任何人更關心自己的國家安全，面對海峽對岸持續增加的武力威脅，朝野全民應該凝聚堅強的國防意識，積極強化有效的防備，提升自我防衛的能力，也盼望國際社會繼續關注並協助維護台海的和平與亞太地區的穩定。
在此，阿扁號召大家、朝野全民以熱烈的掌聲感謝國際友邦的友誼及真情。
台灣願意持續以積極奉獻的角色參與國際社會，這是兩千三百萬人民應有的權利，也是我們做為世界公民的義務。在全球反恐的浪潮以及國際人道援助的行列中，台灣一直沒有缺席。過去這幾年，我們籌設民主太平洋聯盟、成立民主基金會，積極參與國際非政府組織，與地球村的其他成員共同分享並維護自由、民主、人權的普世價值。
台灣目前是世界第十五大貿易國，各項國際競爭力的評比都名列前茅，我們仍然經過十二年的努力，才得以成為世界貿易組織的第一四四個會員國，其中的艱辛不可言喻。如今，我們仍在鍥而不捨的努力加入世界衛生組織。去年ＳＡＲＳ疫情蔓延的殷鑑不遠，基於醫療、衛生、防疫無國界以及基本人權的普世價值，台灣理應獲得更公平的對待。
在此，阿扁呼籲大家，我們更應團結同心，繼續努力，希望在未來兩年之內完成加入世界衛生組織的心願。
不久之前，歐洲聯盟熱烈的慶祝十個新會員國的加入。歐盟經過數十年的努力，在尊重個別國家及其人民自由意志的選擇之下，成功整合了歐洲人民共同利益的寶貴經驗，對於新世紀的全球局勢產生巨大的影響和衝擊。區域整合不僅是當前、也是未來的趨勢。這種區域整合加上全球化的發展，使得人類社會原有的國家主權原理，乃至於國界的藩籬，都產生結構性的變化。世界大同已經不是遙不可及的夢想。
海峽兩岸新世紀的領導人，為了創造人民最大的福祉，應該都能前瞻這個新趨勢，並且以全新的思維和格局，共同來面對和處理兩岸未來的問題。
兩岸人民曾經擁有共同的血緣、文化和歷史背景，過去一個世紀以來也都遭逢強權的欺凌和專制的統治。如今，兩岸人民都有站起來當家作主的堅強意願，這一點應該能夠獲得彼此充分的理解。
我們可以體會海峽對岸源於歷史情結與民族情感，無法放棄對於「一個中國原則」的堅持。相對的，北京當局也應該要充分瞭解，台灣人民要民主、愛和平、求生存、求發展的堅定信念。如果對岸不能夠體會兩千三百萬人民單純良善的心願，繼續對台灣施加武力的威脅和政治的孤立，無理的將台灣阻絕於國際社會之外，只會讓台灣的民心和海峽的對岸越離越遠。
中華民國在台澎金馬存在、台灣在國際社會存在的事實，不容許任何人以任何理由加以否定，這就是台灣人民集體意志之所在。過去半個世紀以來，兩千三百萬人民胼手胝足所創造的台灣經驗，不僅印證了中華民國存在的正面價值，也應該是華人社會及兩岸人民的共同資產。
歷史的緣故讓兩岸發展出相當不同的政治制度和生活方式，但是如果以積極的態度來看待兩岸發展的「異」與「同」，應該可以善加利用，走向進一步合作互惠的關係。台灣是一個完全自由民主的社會，沒有任何個人或政黨可以代替人民做出最後的選擇。如果兩岸之間能夠本於善意，共同營造一個「和平發展、自由選擇」的環境，未來中華民國與中華人民共和國或者台灣與中國之間，將發展任何形式的關係，只要兩千三百萬台灣人民同意，我們都不排除。
過去十幾年兩岸人民的互動交流，已經發展出極為密切的關係，對於兩岸關係的進展具有重要的價值與意義。未來，我們希望在既有的基礎之上，持續放寬並且擴大兩岸新聞、資訊、教育、文化、經貿交流的相關措施，推動兩岸恢復對話與溝通的管道，如此才能拉近彼此的距離，建立互信的基礎。
二十一世紀的前二十年，不僅是台灣要全面向上提升的關鍵轉型期，也是中國大陸邁向民主化及自由化的機遇期，雙方的政府理應掌握機會全力打拚，放眼於全球競爭的趨勢，不要再虛耗於政治爭辯的僵局。我們已經注意到，中共的領導人近來一再強調穩定發展的重要，強調十三億大陸人民的福祉，並且選擇「和平崛起」做為拓展國際關係的基調。我們也相信，北京當局應該認知維持台海和平的現狀，對於兩岸各自的發展以及亞太區域穩定的重要性。
個人深信，唯有兩岸致力於建設與發展，協商建立一個動態的和平穩定互動架構，共同確保台海的現狀不被片面改變，並且進一步推動包括三通在內的文化經貿往來，才能符合兩岸人民的福祉與國際社會的期待。
身為中華民國的總統，接受台灣人民的付託，個人必須捍衛國家的主權、安全與尊嚴，兼顧國家的永續發展及台海的和平穩定，匯聚全民的意志和共識，妥善處理兩岸未來的關係。今天，個人願意在此重申，公元二○○○年五二○就職演說所揭櫫的原則和承諾，過去四年沒有改變，未來四年也不會改變。在此基礎之上，阿扁將進一步邀集朝野政黨及社會各界共同參與，成立「兩岸和平發展委員會」，凝聚朝野的智慧與全民的共識，擬定「兩岸和平發展綱領」，共同策進兩岸和平穩定、永續發展的新關係。
各位貴賓、親愛的國人同胞，攤開世界地圖來看，台澎金馬只是太平洋邊的幾個小島，但是如果仔細檢視這些島嶼上美麗的山河、多元的族群、多樣的生態，細數兩千三百萬人民過去幾個世紀所寫下的政治、經濟、文化篇章，你會發現猶如進入一部精彩豐富的百科全書。海洋國家的包容，世界島的開闊，讓這一塊土地上的子民，視野和胸懷隨著地平線無限的延伸。
台灣的故事所以動人，不是因為天生麗質，而是歷經挫折砥礪、苦難錘鍊之後，所蘊含散發的光彩。這就是「台灣精神」，從我們的祖先一直流傳到我們每一個人的身上。
如今，歷史的火炬再一次交到阿扁的手上，也握在每一位國人同胞的手中。未來四年，阿扁自我期許能夠做到講誠信、存慈悲、大公無私、中道治國，更希望國人同胞給我支持、給我鞭策。
阿扁是一個平凡的人，我一直相信，沒有偉大的總統，只有偉大的人民可以成就偉大的國家。援引人民的力量，為民主永續、改革永續、人文永續、和平永續的國家發展奠基，讓台灣中華民國邁向團結和諧、公平正義、富足均衡、生生不息，這是歷史賦予阿扁的責任，也是人民交付的使命。
今年的二二八，上百萬的民眾站在福爾摩沙這一塊土地上，不分族群、年齡、性別，手牽著手，築成一座長達五百公里的民主長城，完成一幅最美的台灣圖像。台灣不但要站起來，還要勇敢的走出去，在世界地圖上永續發展、屹立不搖。
親愛的國人同胞，讓我們一起對土地感恩、向人民致敬！讓我們繼續團結台灣、守護台灣、牽手向前，再一次寫下二十一世紀動人的台灣故事。
最後，敬祝中華民國國運昌隆！各位鄉親朋友及各位嘉賓健康快樂！謝謝大家！"
10,2000,民進黨,陳水扁,"各位友邦元首、各位貴賓、各位親愛的海內外同胞：

這是一個光榮的時刻，也是一個莊嚴而充滿希望的時刻。

感謝遠道而來的各位嘉賓，以及全世界熱愛民主、關心台灣的朋友，與我們一起分享此刻的榮耀。

我們今天在這裡，不只是為了慶祝一個就職典禮，而是為了見證得來不易的民主價值，見證一個新時代的開始。

在二十一世紀來臨的前夕，台灣人民用民主的選票完成了歷史性的政黨輪替。這不僅是中華民國歷史上的第一次，更是全球華人社會劃時代的里程碑。台灣不只為亞洲的民主經驗樹立了新典範，也為全世界第三波的民主潮流增添了一個感人的例證。

中華民國第十任總統選舉的過程讓全世界清楚的看到，自由民主的果實如此得來不易。兩千三百萬人民以無比堅定的意志，用愛弭平敵意、以希望克服威脅、用信心戰勝了恐懼。

我們用神聖的選票向全世界證明，自由民主是顛撲不滅的普世價值，追求和平更是人類理性的最高目標。

公元2000年台灣總統大選的結果，不是個人的勝利或政黨的勝利，而是人民的勝利、民主的勝利。因為，我們在舉世注目的焦點中，一起超越了恐懼、威脅和壓迫，勇敢的站起來！

台灣站起來，展現著理性的堅持和民主的信仰。

台灣站起來，代表著人民的自信和國家的尊嚴。

台灣站起來，象徵著希望的追求和夢想的實現。

親愛的同胞，讓我們永遠記得這一刻，永遠記得珍惜和感恩，因為民主的成果並非憑空而來，而是走過艱難險阻、歷經千辛萬苦才得以實現。如果沒有民主前輩們前仆後繼的無畏犧牲、沒有千萬人民對於自由民主的堅定信仰，我們今天就不可能站在自己親愛的土地上，慶祝這一個屬於全民的光榮盛典。

今天，我們彷彿站在一座嶄新的歷史門前。台灣人民透過民主錘鍊的過程，為我們共同的命運打造了一把全新的鑰匙。新世紀的希望之門即將開啟。我們如此謙卑，但絕不退縮。我們充滿自信，但沒有絲毫自滿。

從三月十八日選舉結果揭曉的那一刻開始，阿扁以最嚴肅而謙卑的心情接受全民的付託，誓言必將竭盡個人的心力、智慧和勇氣，來承擔國家未來的重責大任。

個人深切的瞭解，政黨輪替、政權和平轉移的意義絕對不只是「換人換黨」的人事更替，更不是「改朝換代」的權力轉移，而是透過民主的程序，把國家和政府的權力交還給人民。人民才是國家真正的主人，不是任何個人或政黨所能佔有；政府是為人民而存在的，從國家元首到基層公務員都是全民的公僕。

政黨輪替並不代表對於過去的全盤否定。歷來的執政者為國家人民的付出，我們都應該給予公正的評價。李登輝先生過去十二年主政期間所推動的民主改革與卓越政績，也應該獲得國人最高的推崇與衷心的感念。

在選舉的過程中，台灣社會高度動員、積極參與，儘管有不同的主張和立場，但是每一個人為了政治理念和國家前途挺身而出的初衷是一樣的。我們相信，選舉的結束是和解的開始，激情落幕之後應該是理性的抬頭。在國家利益與人民福祉的最高原則之下，未來不論是執政者或在野者，都應該能不負人民的付託、善盡本身的職責，實現政黨政治公平競爭、民主政治監督制衡的理想。

一個公平競爭、包容信任的民主社會，是國家進步的最大動能。在國家利益高於政黨利益的基礎之上，我們應該凝聚全民的意志與朝野的共識，著手推動國家的進步改革。

「全民政府、清流共治」是阿扁在選舉期間對人民的承諾，也是台灣社會未來要跨越斷層、向上提升的重要關鍵。

「全民政府」的精神在於「政府是為人民而存在的」，人民是國家的主人和股東，政府的施政必須以多數的民意為依歸。人民的利益絕對高於政黨的利益和個人的利益。

阿扁永遠以身為民主進步黨的黨員為榮，但是從宣誓就職的這一刻開始，個人將以全部的心力做好「全民總統」的角色。正如同全民新政府的組成，我們用人唯才、不分族群、不分性別、不分黨派，未來的各項施政也都必須以全民的福祉為目標。

「清流共治」的首要目標是要掃除黑金、杜絕賄選。長期以來，台灣社會黑白不分、黑道金權介入政治的情況已經遭致台灣人民的深惡痛絕。基層選舉買票賄選的文化，不僅剝奪了人民「選賢與能、當家作主」的權利，更讓台灣的民主發展蒙上污名。

今天，阿扁願意在此承諾，新政府將以最大的決心來消除賄選、打擊黑金，讓台灣社會徹底擺脫向下沈淪的力量，讓清流共治向上提升，還給人民一個清明的政治環境。

在活力政府的改造方面，面對日益激烈的全球化競爭，為了確保台灣的競爭力，我們必須建立一個廉潔、效能、有遠見、有活力、有高度彈性和應變力的新政府。「大有為」政府的時代已經過去，取而代之的應該是與民間建立夥伴關係的「小而能」政府。我們應該加速精簡政府的職能與組織，積極擴大民間扮演的角色。如此不僅可以讓民間的活力盡情發揮，也能大幅減輕政府的負擔。

同樣的夥伴關係也應該建立在中央與地方政府之間。我們要打破過去中央集權又集錢的威權心態，落實「地方能做、中央不做」的地方自治精神，讓地方與中央政府一起共享資源、一起承擔責任。無論東西南北、不分本島離島，都能夠獲得均衡多元的發展，拉近城鄉之間的距離。

當然，我們也應該瞭解，政府不是一切問題的答案，人民才是經濟發展與社會進步的原動力。過去半個世紀以來，台灣人民靠著胼手胝足的努力創造了舉世稱羨的經濟奇蹟，也奠定了中華民國生存發展的命脈。如今，面對資訊科技日新月異以及貿易自由化的衝擊，台灣的產業發展必然要走向知識經濟的時代，高科技的產業必須不斷創新，傳統的產業也必然要轉型升級。

未來的政府並不一定要繼續扮演過去「領導者」和「管理者」的角色，反而應該像民間企業所期待的，政府是「支援者」和「服務者」。現代政府的責任在於提高行政的效能、改善國內的投資環境、維持金融秩序與股市的穩定，讓經濟的發展透過公平的競爭走向完全的自由化和國際化。循此原則，民間的活力自然能夠蓬勃興盛，再創下一個階段的經濟奇蹟。

除了鞏固民主的成果、推動政府的改造、提昇經濟的競爭力之外，新政府的首要施政目標應該是順應民意、厲行改革，讓這一塊土地上的人民生活得更有尊嚴、更有自信、更有品質。讓我們的社會不僅安全、和諧、富裕，也要符合公平正義。讓我們的下一代在充滿希望與快樂的教育環境中學習，培養國民不斷成長的競爭力。

二十一世紀將是強調「生活者權利」、「精緻化生活」的時代。舉凡與人民生活息息相關的治安改善、社會福利、環保生態、國土規劃、垃圾處理、河川整治、交通整頓、社區營造等問題，政府都必須提出一套解決方案，並透過公權力徹底加以落實。

當前我們必須立即提昇的是治安改善與環境保護這兩大生活品質的重要指標。建立社會新秩序，讓所有的老百姓都能安居樂業，生活沒有恐懼。在生態保育與經濟發展之間取得相容的平衡點，讓台灣成為永續發展的綠色矽島。

司法的尊嚴是民主政治與社會正義的堅強防線。一個公正、獨立的司法體系不僅是社會秩序的維護者，也是人民權益的捍衛者。目前司法的改革還有一段很長的路要走，國人必須繼續給予司法界嚴格的督促與殷切的期盼，在此同時，我們也應該節制行政權力，還給司法獨立運作、不受干擾的空間。

台灣最重要的資源是人力的資源，人才是國家競爭力的根本，教育是「藏富於民」的百年大計。我們將儘速凝聚朝野、學界與民間的共識，持續推動教改的希望工程，建立健康、積極、活潑、創新的教育體制，使台灣在激烈的國際競爭力之下，源源不斷地培育一流、優秀的人才。讓台灣社會逐漸走向「學習型組織」和「知識型社會」，鼓舞人民終身學習、求新求變，充分發揮個人的潛力與創造力。

目前在全國各地普遍發展的草根性社區組織，包括對地方歷史、人文、地理、生態的探索和維護，展現了人文台灣由下而上的民間活力。不管是地方文化、庶民文化或者精緻文化，都是台灣文化整體的一部份。台灣因為特殊的歷史與地理緣故，蘊含了最豐美多樣的文化元素，但是文化建設無法一蹴可幾，而是要靠一點一滴的累積。我們必須敞開心胸、包容尊重，讓多元族群與不同地域的文化相互感通，讓立足台灣的本土文化與華人文化、世界文化自然接軌，創造「文化台灣、世紀維新」的新格局。

去年發生的九二一大地震，讓我們心愛的土地和同胞歷經前所未有的浩劫，傷痛之深至今未能癒合。新政府對於災區的重建工作刻不容緩，包括產業的復甦和心靈的重建，必須做到最後一人的照顧、最後一處的重建完成為止。在此，我們也要對於災後救援與重建過程中，充滿大愛、無私奉獻的所有個人與民間團體，再次表達最高的敬意。在大自然的惡力中，我們看到了台灣最美的慈悲、最強的信念、最大的信任！九二一震災讓同胞受傷跌倒，但是在「志工台灣」的精神中，台灣新家庭一定會重新堅強的站起來！

親愛的同胞，四百年前，台灣因為璀麗的山川風貌被世人稱為「福爾摩沙——美麗之島」。今天，因為這一塊土地上的人民所締造的歷史新頁，台灣重新展現了「民主之島」的風采，再次吸引了全世界的目光。

我們相信，以今日的民主成就加上科技經貿的實力，中華民國一定可以繼續在國際社會中扮演不可或缺的角色。除了持續加強與友邦的實質外交關係之外，我們更要積極參與各種非政府的國際組織。透過人道關懷、經貿合作與文化交流等各種方式，積極參與國際事務，擴大台灣在國際的生存空間，並且回饋國際社會。

除此之外，我們也願意承諾對於國際人權的維護做出更積極的貢獻。中華民國不能也不會自外於世界人權的潮流，我們將遵守包括「世界人權宣言」、「公民與政治權利國際公約」以及維也納世界人權會議的宣言和行動綱領，將中華民國重新納入國際人權體系。

新政府將敦請立法院通過批准「國際人權法典」，使其國內法化，成為正式的「台灣人權法典」。我們希望實現聯合國長期所推動的主張，在台灣設立獨立運作的國家人權委員會，並且邀請國際法律人委員會和國際特赦組織這兩個卓越的非政府人權組織，協助我們落實各項人權保護的措施，讓中華民國成為二十一世紀人權的新指標。

我們堅信，不管在任何一個時代、在地球的任何一個角落，自由、民主、人權的意義和價值都不能被漠視或改變。

二十世紀的歷史留給人類一個最大的教訓，那就是——戰爭是人類的失敗。不論目的何在、理由多麼冠冕堂皇，戰爭都是對自由、民主、人權最大的傷害。

過去一百多年來，中國曾經遭受帝國主義的侵略，留下難以抹滅的歷史傷痕。台灣的命運更加坎坷，曾經先後受到強權的欺凌和殖民政權的統治。如此相同的歷史遭遇，理應為兩岸人民之間的相互諒解，為共同追求自由、民主、人權的決心，奠下厚實的基礎。然而，因為長期的隔離，使得雙方發展出截然不同的政治制度和生活方式，從此阻斷了兩岸人民以同理心互相對待的情誼，甚至因為隔離而造成了對立的圍牆。

如今，冷戰已經結束，該是兩岸拋棄舊時代所遺留下來的敵意與對立的時候了。我們無須再等待，因為此刻就是兩岸共創和解時代的新契機。

海峽兩岸人民源自於相同的血緣、文化和歷史背景，我們相信雙方的領導人一定有足夠的智慧與創意，秉持民主對等的原則，在既有的基礎之上，以善意營造合作的條件，共同來處理未來「一個中國」的問題。

本人深切瞭解，身為民選的中華民國第十任總統，自當恪遵憲法，維護國家的主權、尊嚴與安全，確保全體國民的福祉。因此，只要中共無意對台動武，本人保證在任期之內，不會宣佈獨立，不會更改國號，不會推動兩國論入憲，不會推動改變現狀的統獨公投，也沒有廢除國統綱領與國統會的問題。

歷史證明，戰爭只會引來更多的仇恨與敵意，絲毫無助於彼此關係的發展。中國人強調王霸之分，相信行仁政必能使「近者悅、遠者來」、「遠人不服，則修文德以來之」的道理。這些中國人的智慧，即使到了下一個世紀，仍然是放諸四海皆準的至理名言。

大陸在鄧小平先生與江澤民先生的領導下，創造了經濟開放的奇蹟；而台灣在半個世紀以來，不僅創造了經濟奇蹟，也締造了民主的政治奇蹟。在此基礎上，兩岸的政府與人民若能多多交流，秉持「善意和解、積極合作、永久和平」的原則，尊重人民自由意志的選擇，排除不必要的種種障礙，海峽兩岸必能為亞太地區的繁榮與穩定做出重大的貢獻，也必將為全體人類創造更輝煌的東方文明。

親愛的同胞，我們多麼希望海內外的華人都能親身體驗、共同分享這一刻的動人情景。眼前開闊的凱達格蘭大道，數年之前仍然戒備森嚴；在我身後的這棟建築，曾經是殖民時代的總督府。今天，我們齊聚在這裡，用土地的樂章和人民的聲音來歌頌民主的光榮喜悅。如果用心體會，海內外同胞應該都能領悟這一刻所代表的深遠意義——

威權和武力只能讓人一時屈服，民主自由才是永垂不朽的價值。

唯有服膺人民的意志，才能開拓歷史的道路、打造不朽的建築。

今天，阿扁以一個佃農之子、貧寒的出身，能夠在這一塊土地上奮鬥成長，歷經挫折與考驗，終於贏得人民的信賴，承擔起領導國家的重責大任。個人的成就如此卑微，但其中隱含的寓意卻彌足可貴。因為，每一位福爾摩沙的子民都和阿扁一樣，都是「台灣之子」。不論在多麼艱困的環境中，台灣都像至愛無私的母親，從不間斷的賜予我們機會，帶領我們實現美好的夢想。

台灣之子的精神啟示著我們：儘管台澎金馬只是太平洋邊的蕞爾小島，只要兩千三百萬同胞不畏艱難、攜手向前，我們夢想的地圖將會無限遠大，一直延伸到地平線的盡頭。

親愛的同胞，這一刻的光榮屬於全體人民，所有的恩典都要歸於台灣——我們永遠的母親。讓我們一起對土地感恩、向人民致敬。自由民主萬歲！

台灣人民萬歲！

敬祝中華民國國運昌隆！全國同胞和各位嘉賓健康愉快！"
9,1996,國民黨,李登輝,"各位遠道而來的友邦元首、各位特使、外交團的各位使節、各位貴賓、各位親愛的父老兄弟姐妹：

今天，我們相聚一堂，在廣大同胞的面前，以莊嚴歡欣的心情，舉行慶祝就職大會。這個盛會，不僅是中華民國第九任總統、副總統任期的開始，更是國家前途與民族命運嶄新的開端。

今天，兩千一百三十萬同胞，正式邁進「主權在民」的新時代。

今天，中華民族進入一個充滿希望的新境界。

今天，在臺灣的我們，以無比的驕傲與自信，堅定地告訴全世界：

我們已經成功地站上民主興革的高峰，且將屹立不搖！

我們已經清楚地證明中國人有能力施行民主制度，運用民主政治！

我們已經有效地擴大了國際民主陣營的力量，對全人類的自由民主，做出了積極的貢獻！

所以，今天的這個慶典，不是為了慶祝任何一個候選人的勝利，不是為了慶祝任何一個政黨的勝利，而是為了慶祝我們兩千一百三十寓同胞追求民主的共同勝利！是為了人類最基本的價值─自由與尊嚴，在臺澎金馬獲得肯定而歡呼！

親愛的全國同胞們：民主的大門已經全然開啟，民主的活力正沛然奔放。今天最應該接受喝采的是每一位中華民國的國民。

喝采大家思考國家的未來，如此果斷，毫不猶豫。

喝采大家捍衛民主的決心，如此堅定，毫不動搖。

喝采大家面臨強權的威脅，如此鎮靜，毫不屈服。

從此，統治國家的權力屬於人民全體，不是個人、不是政黨。這是「自由意志」的充分發揮，是「主權在民」的完全落實，是真正的「順乎天，應乎人」，真正的革故鼎新。一切的榮耀，歸於所有的人民。

各位親愛的父老兄弟姊妹：在這個歷史的新起點，我們要以新的決心、新的作為，開展新的時代。這裡是我們共同的家園，是我們生存奮鬥的根本憑藉。五十年來的禍福相共，已經讓我們成為密不可分的生命共同體；而第一次由人民直選總統，更讓我們確立了以臺灣為主體的奮鬥意識。

如何讓這塊土地更美麗，讓生活在這裡的人民更安全、更和諧、更幸福，是兩千一百三十萬同胞的共同責任！

「民之所欲，長在我心」，登輝對全國同胞的需求，有充分的領會，也一定會全力以赴，達成付託。然而，影響國家發展深遠的重大政策，不是由一個人或一個政黨就可以決定。因此，登輝將儘快責成政府，針對國家未來發展的重要課題，廣邀各界意見領袖與代表，共商大計，建立共識，開創國家新局。

競選活動雖已結束，但是競選時所作的承諾，一定要切實信守，早日實現。要建設一個現代化國家，有賴各方人才的投入。為追求政局的安定與國力的壯大，登輝認為，政府決策階層的工作，也要不分黨派，不分族群，延攬各界品德良好，能力卓越，見識宏遠，經驗豐富的人才，來擴大參與。

時代已經改變，社會環境也在變。墨守成規，不思突破，注定將被淘汰。我們不能用權謀的眼光，推度政治互動；不能以私利的考量，決定政治立場。打鬧不能代表民意，杯葛也並非就是制衡。我們所追求的民主政治理想，除了有效的監督制衡之外，也要力求不同黨派能夠為了民眾福祉，共同攜手奮進。

四年的時光，轉眼就會過去，我們沒有時間可以猶疑，也沒有時間可以等待。為了國家長治久安的基礎，為了後代幸福安樂的未來，就在今天─中華民國八十五年五月二十日起，我們要有一個積極的開始。

首先，我們要提升民主運作的廣度與深度。以廣度而言，我們要與海內外所有的中國人及國際人士，分享民主經驗。以深度而言，我們必須推動第二階段的憲政改革，澄清選舉文化，強化廉能政府，改善社會治安，調整政治生態，落實政黨政治，以確保民主政治的穩定與發展。

經濟發展與政治民主，同等重要。沒有成功的經濟發展，我們會失去一切。為了厚植國家實力，讓中華民國能在國際社會，以至未來國家統一的過程中，扮演舉足輕重的角色，我們必須依據既定時程，如期發展台灣成為「亞太營運中心」，並且同步規劃推動跨世紀的國家建設，儘速營造自由化與國際化的經濟體系，建設低稅負、無障礙的企業投資環境，改革土地制度，壯大中小企業，提升國家競爭力，以迎向互利共榮的亞太新世紀，成為國際繁榮發展不可或缺的重要夥伴。

為求均衡發展，我們也將致力內政的革新，並以司法、教育、文化與社會重建為重點，同步並進。

司法改革首要強化法治精神，尤其要站在人民的立場，落實司法審判的公平，真正做到法律之前，人人平等。法治精神是民主政治的基礎，如果司法審判不能受到人民充分的信賴，民主政治勢必受到嚴重的斲傷。司法改革也絕對不輕忽任何基本人權，包括受刑人及涉訟人在內，均應得到完整的尊重。對於審檢體系的清廉與效率，更要痛下決心，具體改善。

教育改革的重點，則在實踐快樂、滿足、多元，相互尊重的教育理念，以啟發潛能、尊重人本、發展個性、鼓勵創造為目標，解除不合理的束縛，建立終生學習的制度，讓個人創意與特性有充分發揮的空間，不斷追求自我的成長與實現。我們要導引新生的一代，認識自己的鄉土，熱愛自己的國家，培養寬廣的國際視野，以在競爭日益激烈的「地球村」中，順利迎接國際挑戰，開拓國家光明前景。

全國同胞們：中華民族能歷五千年而不墜，端賴優秀文化的維繫。然而自十九世紀中葉以來，中華文化在西方文明的強烈衝擊下，備經危疑震撼，致使部分國人的信心動搖，國勢低落。所以，登輝無時無刻不在思考文化的重建與新生。希望在台灣地區的同胞，能建立新的生活文化，培養長遠宏大的人生價值觀，並以我國浩瀚的文化傳統為基礎，汲取西方文化精髓，融合而成新的中華文化，以適應進入二十一世紀後的國內外新環境。

這也就是「經營大台灣，建立新中原」的理念所在。環顧世界文明史上的幾個重要文化，大都發源於一個小的地域，中華民族五千年優秀文化，也起源於中原一隅之地。台灣位於大陸文化與海洋文化的匯集點，近數十年來，因時局變化機緣，不但充分保存固有文化傳統，並且廣泛接觸西方民主、科學及現代工商業社會文化。再加上台灣的教育水準與發展程度，遠超越中國其他地區，勢必逐漸發揮文化主導功能，進而擔負起文化「新中原」的重任。

大台灣的經營，不僅在培育新文化，更在重建新社會。隨著政治的民主開放，台灣社會已呈現蓬勃的多元化景象。我們要運用多元化所釋放的活力，孕育新的社會生命力量，帶動社會的發展與進步。

我們要從基層開始，重振家庭倫理，建立社區意識，確立和諧感通的新社會，使民眾能真正享有家園生活之樂。我們也將從永續發展的觀點，提倡節約簡樸。珍惜現有資源，妥善規劃國土利用，加強生態環境保育，讓後代子孫永遠保有鄉土之美。我們更將本著促進社會和諧與維護人格尊嚴的原則，加強關懷照顧弱勢團體，並依據財政負擔的能力，循序建立均衡公平、可長可久的社會安全制度，讓全民享有免於匱乏的自由。

當然，我們全心全力在臺灣建設中華民國的同時，也不會忘記海外的中國人。我們將盡全力，繼續協助華僑在海外的發展。而港澳地區同胞的生活福祉，更是我們關懷的重點。我們將隨時伸出相互扶持的手，共同維護此一地區的民主、自由、繁榮。

今天，中華民國在臺灣的生存與發展，已受到國際社會的肯定與尊重。在新的國際秩序之中，講求民主、尊重人權、崇尚和平、拋棄武力是共同遵守的信條，這與我們的立國精神，正相一致。因此，我們將秉持善意，依循互利的原則，繼續推動務實外交，使我們兩千一百三十萬同胞，擁有必要的生存與發展空間，並進一步在國際社會中獲得應有的尊敬與待遇。

各位親愛的父老兄弟姊妹：二十世紀的中國，是一個苦難的國家。先是外患不斷，而後，五十年來，又因意識形態的不同，造成「中國人打中國人」的悲劇，積累了同胞手足間的對立與仇恨。登輝一向主張，在邁進二十一世紀的前夕，海峽雙方都應致力結束歷史的悲劇，開創「中國人幫中國人」的新局。

因此，六年來，在確保臺澎金馬安全與維護全民福祉的前提下，我們無時不以積極主動的作為，務實雙贏的思考，發展兩岸關係，推進國家統一大業。但是，由於中共始終無視於中華民國在臺澎金馬地區存在的事實，致使海峽兩岸關係的發展，時生波折。

去年以來，為了反對民主，中共對登輝個人發動一波又一波「欲加之罪、何患無辭」的誣衊，但是登輝忍辱負重，不予理會。因為以其人之道還治其人，解決不了累積五十年的歷史問題。

為了影響我們第一次民選總統的選情，中共進行一次又一次的軍事演習，但是我們表現了無比的自制。因為我們知道必須維持亞太地區的和平安定，更重要的是，我們不願意看到中國大陸改革開放後，好不容易建立起來的經濟成果，前功盡棄。兩千一百三十萬同胞的堅忍，不是懦弱。因為我們深信，和平寬容是化解對立仇恨的唯一手段。我們不會受威脅而談判，但是絕不畏懼談判。我們主張，只有透過對談溝通，才能真正解決海峽兩岸的問題。

中華民國本來就是一個主權國家。海峽兩岸沒有民族與文化認同問題，有的只是制度與生活方式之爭。在這裡，我們根本沒有必要，也不可能採行所謂「臺獨」的路線。四十多年來，海峽兩岸因為歷史因素，而隔海分治，乃是事實；但是海峽雙方都以追求國家統一為目標，也是事實。兩岸唯有面對這些事實，以最大的誠意與耐心，進行對談溝通，化異求同，才能真正解決國家統一的問題，謀求中華民族的共同福祉。

今天，登輝要鄭重呼籲：海峽兩岸，都應該正視處理結束敵對狀態這項重大問題，以便為追求國家統一的歷史大業，作出關鍵性的貢獻。在未來，只要國家需要，人民支持，登輝願意帶著兩千一百三十萬同胞的共識與意志，訪問中國大陸，從事和平之旅。同時，為了打開海峽兩岸溝通、合作的新紀元，為了確保亞太地區的和平、安定、繁榮，登輝也願意與中共最高領導當局見面，直接交換意見。

全國同胞們：今天我們在台灣實現了中國人的夢想！二十世紀的中國人，奮力追求的是，建設富強康樂的新中國，與實踐　中山先生「主權在民」的理想。五十年來，我們在臺澎金馬的艱苦奮鬥，創造了舉世矚目的「經濟奇蹟」，完成了世人推崇的民主改革。百年以前，在跨入二十世紀之初，曾被西方國家認定為專制、封建、貧窮、落後的中國人，已經在台澎金馬地區開創了民主、富足、進步的新局，傲然面對世人的讚譽。這不但是我們兩千一百三十萬同胞共同的光榮，更是中華民族振衰起敝，再創新機運的關鍵。我們相信，同樣是中華民族的一份子，在臺灣做得到的，在中國大陸也可以做到。因此，我們願意以建設的經驗，導引中國大陸發展的方向，以進步的成果，協助億萬同胞改善生活福祉，進而集合兩岸中國人之力，共謀中華民族的繁榮與發展！

各位親愛的父老兄弟姊妹：登輝要再度對同胞們給予的信賴，表示衷心的感激。今天，登輝以謙卑嚴肅的心情，在宣誓儀式中，接下中華民國第九任總統的重任。我充分瞭解這項職務的意義所在，也完全明白其所包含的責任，我保證將全力以赴，克盡職守，不負國人厚望；同時，也懇求全國同胞真誠、無私、寬容地支持，讓我們能攜手並進，昂然邁向廿一世紀！登輝深信，在二十一世紀，中國人必能完成和平統一的歷史大業，為世界和平與發展，善盡更大的心力！

敬祝中華民國國運昌隆！各位貴賓健康愉快！

謝謝大家！"